track_id,track_name,artist_name,release_date,week,rank
1rgnBhdG2JDFTbYkYRZAku,dance monkey,tones and i,2019-05-10,2020-01-03,1
696DnlkuDOXcMAnKlTgXXK,roxanne,arizona zervas,2019-10-10,2020-01-03,2
7k4t7uLgtOxPwTpFmtJNTY,tusa,karol g,2019-11-07,2020-01-03,3
2b8fOow8UzyDFAE27YhOZM,memories,maroon 5,2019-09-20,2020-01-03,4
4TnjEaWOeW0eKTKIEvJyCa,falling,trevor daniel,2018-10-05,2020-01-03,5
21jGcNKet2qwijlDFuPiPb,circles,post malone,2019-09-06,2020-01-03,6
6WrI0LAC5M1Rw2MnX2ZvEg,don't start now,dua lipa,2019-10-31,2020-01-03,7
0sf12qNH5qcw8qpgymFOqD,blinding lights,the weeknd,2019-11-29,2020-01-03,8
6v3KW9xbzN5yKLt9YKDYA2,señorita,shawn mendes,2019-06-19,2020-01-03,9
3ZCTVFBt2Brf31RLEnCkWJ,everything i wanted,billie eilish,2019-11-13,2020-01-03,10
6cy3ki60hLwimwIje7tALf,ritmo (bad boys for life),black eyed peas,2019-10-12,2020-01-03,11
7qEHsqek33rTcFNT9PFqLf,someone you loved,lewis capaldi,2019-05-17,2020-01-03,12
0nbXyq5TXYPCO7pr3N8S4I,the box,roddy ricch,2019-12-06,2020-01-03,13
2Fxmhks0bxGSBdJ92vM42m,bad guy,billie eilish,2019-03-29,2020-01-03,14
3jjujdWJ72nww5eGnfs2E7,adore you,harry styles,2019-12-13,2020-01-03,15
7h0d2h0fUmzbs7zeFigJPn,highest in the room (feat. rosalía & lil baby) - remix,travis scott,2019-12-27,2020-01-03,16
3yOlyBJuViE2YSGn3nVE1K,my oh my (feat. dababy),camila cabello,2019-12-06,2020-01-03,17
1HfMVBKM75vxSfsQ5VefZ5,lose you to love me,selena gomez,2019-10-23,2020-01-03,18
7aiClxsDWFRQ0Kzk5KI5ku,hot girl bummer,blackbear,2019-08-23,2020-01-03,19
5DxXgozhkPLgrbKFY91w0c,vete,bad bunny,2019-11-21,2020-01-03,20
2tnVG71enUj33Ic2nFN6kZ,ride it,regard,2019-07-26,2020-01-03,21
6UelLqGlWMcVH1E5c4H7lY,watermelon sugar,harry styles,2019-12-13,2020-01-03,22
3eekarcy7kvN4yt5ZFzltW,highest in the room,travis scott,2019-10-04,2020-01-03,23
0RiRZpuVRbi7oqRdSMwhQY,sunflower - spider-man: into the spider-verse,post malone,2019-09-06,2020-01-03,24
2ksOAxtIxY8yElEWw8RhgK,china,anuel aa,2019-07-19,2020-01-03,25
6Ozh9Ok6h4Oi1wUSLtBseN,bop,dababy,2019-09-27,2020-01-03,26
6gi6y1xwmVszDWkUqab1qw,out west (feat. young thug),jackboys,2019-12-27,2020-01-03,27
0hVXuCcriWRGvwMV1r5Yn9,i don't care (with justin bieber),ed sheeran,2019-07-12,2020-01-03,28
57vxBYXtHMk6H1aD29V7PU,heartless,the weeknd,2019-11-27,2020-01-03,29
70eFcWOvlMObDhURTqT4Fv,beautiful people (feat. khalid),ed sheeran,2019-07-12,2020-01-03,30
285pBltuF7vW8TeWk8hdRR,lucid dreams,juice wrld,2018-12-10,2020-01-03,31
3VyjsVV24RmBIbWJAeUJNu,no idea,don toliver,2019-05-29,2020-01-03,32
6Gg1gjgKi2AK4e0qzsR7sd,bandit (with youngboy never broke again),juice wrld,2019-10-04,2020-01-03,33
6mAN61JH0dzyZpWslS11jy,fantasias,rauw alejandro,2019-08-29,2020-01-03,34
2gMXnyrvIjhVBUZwvLZDMP,before you go,lewis capaldi,2019-11-22,2020-01-03,35
6uJONCdr2rC65BNmCnTBWK,gang gang,jackboys,2019-12-27,2020-01-03,36
2Ec33AVlkTTq8BHFgBTdQs,futsal shuffle 2020,lil uzi vert,2019-12-12,2020-01-03,37
4AO1XhrgJczQ9bNVxdfKQe,what to do? (feat. don toliver),jackboys,2019-12-27,2020-01-03,38
2jrAaawDRCn1JjeouxAyDN,had enough (feat. quavo & offset),don toliver,2019-12-27,2020-01-03,39
7CHi4DtfK4heMlQaudCuHK,lose control,meduza,2019-10-11,2020-01-03,40
6ocbgoVGwYJhOv1GgI9NsF,7 rings,ariana grande,2019-02-08,2020-01-03,41
6b2RcmUt1g9N9mQ3CbjX2Y,how do you sleep?,sam smith,2019-07-19,2020-01-03,42
0fea68AdmYNygeTGI4RC18,la canción,j balvin,2019-06-28,2020-01-03,43
2YpeDb67231RjR0MgVLzsG,old town road - remix,lil nas x,2019-06-21,2020-01-03,44
2wrJq5XKLnmhRXHIAf9xBa,"10,000 hours (with justin bieber)",dan + shay,2019-10-04,2020-01-03,45
51Fjme0JiitpyXKuyQiCDo,lalala,y2k,2019-06-28,2020-01-03,46
4vUmTMuQqjdnvlZmAH61Qk,south of the border (feat. camila cabello & cardi b),ed sheeran,2019-07-12,2020-01-03,47
5stPVcRqb4qixbafP9e8lt,hola - remix,dalex,2019-11-01,2020-01-03,48
6LcauUZjF1eXQrgqMUecHX,ayy macarena,tyga,2019-11-13,2020-01-03,49
2TH65lNHgvLxCKXM3apjxI,callaita,bad bunny,2019-05-31,2020-01-03,50
7sQKy5vlPQllr0k9IjYJv3,sigues con el,arcangel,2019-12-13,2020-01-03,51
1iSqfoUFnQwV0QW1EfUit8,suicidal,ynw melly,2019-11-22,2020-01-03,52
2pWOMNQJW3g2zmGjP0Vkb0,whine up,nicky jam,2019-11-01,2020-01-03,53
3CYH422oy1cZNoo0GTG1TK,psycho,red velvet,2019-12-23,2020-01-03,54
4R8BJggjosTswLxtkw8V7P,no me conoce - remix,jhayco,2019-05-24,2020-01-03,55
1lOe9qE0vR9zwWQAOk6CoO,ransom,lil tecca,2019-08-30,2020-01-03,56
3QzAOrNlsabgbMwlZt7TAY,ballin' (with roddy ricch),mustard,2019-06-28,2020-01-03,57
6vBdBCoOhKHiYDDOcorfNo,goodbyes (feat. young thug),post malone,2019-07-05,2020-01-03,58
4HBvwhhYo7YiYXkUDrOHzS,trampoline,shaed,2019-12-27,2020-01-03,59
6RyaV7owmVU6fzEPE17sF1,que tire pa lante,daddy yankee,2019-10-18,2020-01-03,60
3jbT1Y5MoPwEIpZndDDwVq,adicto (with anuel aa & ozuna),tainy,2019-08-22,2020-01-03,61
1ZMiCix7XSAbfAJlEZWMCp,falling,harry styles,2019-12-13,2020-01-03,62
2VxeLyX666F8uXCJ0dZF8B,shallow,lady gaga,2018-10-05,2020-01-03,63
43zdsphuZLzwA9k4DJhU0I,when the party's over,billie eilish,2019-03-29,2020-01-03,64
07Oz5StQ7GRoygNLaXs2pd,good as hell (feat. ariana grande) - remix,lizzo,,2020-01-03,65
2dpaYNEQHiRxtZbfNsse99,happier,marshmello,2018-08-17,2020-01-03,66
0u2P5u6lvoDfwTYjAADbn4,lovely (with khalid),billie eilish,2018-04-19,2020-01-03,67
4jAIqgrPjKLTY9Gbez25Qb,lights up,harry styles,2019-12-13,2020-01-03,68
4QPEwDdOMhY7rNS05mTyMR,own it (feat. ed sheeran & burna boy),stormzy,2019-12-13,2020-01-03,69
2W4yABdLc4Jnds67Poi5Nl,yellow hearts,ant saunders,2019-06-18,2020-01-03,70
24Yi9hE78yPEbZ4kxyoXAI,roses - imanbek remix,saint jhn,2019-10-09,2020-01-03,71
40mjsnRjCpycdUw3xhS20g,gatti,jackboys,2019-12-27,2020-01-03,72
5DqdesEfbRyOlSS3Tf6c29,it's you,ali gatie,2019-11-08,2020-01-03,73
7xQAfvXzm3AkraOtGPWIZg,wow.,post malone,2019-09-06,2020-01-03,74
1DFD5Fotzgn6yYXkYsKiGs,piece of your heart,meduza,2019-02-01,2020-01-03,75
6Hj9jySrnFppAI0sEMCZpJ,robbery,juice wrld,2019-03-08,2020-01-03,76
3GRSqlALWISqLeNncZMbpX,mean it,lauv,2019-11-14,2020-01-03,77
37zdqI4r1gswIzczSBkRon,aventura,lunay,2019-10-25,2020-01-03,78
22vgEDb5hykfaTwLuskFGD,sucker,jonas brothers,2019-06-07,2020-01-03,79
7qiZfU4dY1lWllzX7mPBI3,shape of you,ed sheeran,2017-03-03,2020-01-03,80
4u7EnebtmKWzUH433cf5Qv,bohemian rhapsody - remastered 2011,queen,1975-11-21,2020-01-03,81
5qmq61DAAOUaW8AUo8xKhh,truth hurts,lizzo,2019-05-03,2020-01-03,82
0e7ipj03S05BNilyu5bRzt,rockstar (feat. 21 savage),post malone,2018-04-27,2020-01-03,83
2rc7BkzO8qepMFAxHtOrXc,blanco,j balvin,2019-11-15,2020-01-03,84
6kls8cSlUyHW2BUOkDJIZE,hate me (with juice wrld),ellie goulding,2019-06-26,2020-01-03,85
59s0s39NFWScuHDbHytI14,indeciso,reik,2019-08-23,2020-01-03,86
2kJwzbxV2ppxnQoYw4GLBZ,if the world was ending - feat. julia michaels,jp saxe,2019-10-17,2020-01-03,87
3e9HZxeyfWwjeyPAMmWSSQ,"thank u, next",ariana grande,2019-02-08,2020-01-03,88
6osaMSJh9NguagEDQcZaKx,loco contigo (feat. j. balvin & tyga),dj snake,2019-07-25,2020-01-03,89
5Id5B3dxJZhPcV9GzgYZZe,quizas,rich music ltd,2019-10-11,2020-01-03,90
25sgk305KZfyuqVBQIahim,sweet but psycho,ava max,2018-08-17,2020-01-03,91
5ry2OE6R2zPQFDO85XkgRb,money in the grave (drake ft. rick ross),drake,2019-06-15,2020-01-03,92
2xLMifQCjDGFmkHkpNLD9h,sicko mode,travis scott,2018-08-03,2020-01-03,93
7fa9MBXhVfQ8P8Df9OEbD8,girls like you (feat. cardi b),maroon 5,2018-06-15,2020-01-03,94
7BlBVFwvbWvcwNcUarQmjk,"yo x ti, tu x mi",rosalía,2019-08-15,2020-01-03,95
5p7ujcrUXASCNwRaWNHR1C,without me,halsey,2018-10-04,2020-01-03,96
1nocRtwyNPVtGcIJqfgdzZ,tutu,camilo,2019-08-09,2020-01-03,97
0pqnGHJpmpxLKifKRmU6WP,believer,imagine dragons,2017-06-23,2020-01-03,98
1vG3YuKRYqPwTmNmYgqkpg,liberdade provisória,henrique & juliano,2019-12-06,2020-01-03,99
1Xnn1TPyr5h0hpRAT4B4EA,bellaquita - remix,dalex,2019-11-22,2020-01-03,100
2qG5sZ7Si6sdK74qLxedYM,con altura,rosalía,2019-03-28,2020-01-03,101
3Z0oQ8r78OUaHvGPiDBR3W,into the unknown,idina menzel,2019-11-15,2020-01-03,102
0fySG6A6qLE8IvDpayb5bM,vibez,dababy,2019-09-27,2020-01-03,103
6Y4PDQv4XjYjHLeLmvyOt0,si te vas,sech,2019-09-26,2020-01-03,104
5w9c2J52mkdntKOmRLeM2m,con calma,daddy yankee,2019-01-24,2020-01-03,105
4t9a07PAghtQMRAIP9FQ7Z,soltera - remix,lunay,2019-10-25,2020-01-03,106
6V9fHiv84WlVTg7CSnIVY2,graveyard,halsey,2019-09-13,2020-01-03,107
6XHVuErjQ4XNm6nDPVCxVX,no guidance (feat. drake),chris brown,2019-06-28,2020-01-03,108
4yI3HpbSFSgFZtJP2kDe5m,look at her now,selena gomez,2019-10-24,2020-01-03,109
1mpD5Q8IM32I4bF6eCpU74,up all night,khalid,2019-11-14,2020-01-03,110
4SSnFejRGlZikf02HLewEF,bury a friend,billie eilish,2019-03-29,2020-01-03,111
3ee8Jmje8o58CHK66QrVC2,sad!,xxxtentacion,2018-03-16,2020-01-03,112
6Qs4SXO9dwPj5GKvVOv8Ki,dancing with a stranger (with normani),sam smith,2019-01-11,2020-01-03,113
073ILU1C3APNRGF66VhtyA,liar,camila cabello,2019-12-06,2020-01-03,114
598yNsG1JFrGd4n2kMoz7F,woah,lil baby,2019-11-08,2020-01-03,115
1rqqCSm0Qe4I9rUvWncaom,high hopes,panic! at the disco,2018-06-22,2020-01-03,116
4ea9w8c4ROqiZpJVhfBA3m,hot (remix) [feat. gunna and travis scott],young thug,2019-12-20,2020-01-03,117
6oJ6le65B3SEqPwMRNXWjY,higher love,kygo,2019-06-28,2020-01-03,118
5a6pdCHlWS2ekOOQ70QnAr,july,noah cyrus,2019-07-31,2020-01-03,119
2gwkD6igEhQbDQegRCcdoB,suge,dababy,2019-03-01,2020-01-03,120
1G2CAJeP7rCwOZjlSJ0Zw3,que calor (with j balvin & el alfa),major lazer,2019-09-11,2020-01-03,121
7dt6x5M1jzdTEt8oCbisTK,better now,post malone,2018-04-27,2020-01-03,122
29ZXwWOOLz9t5fa3eT3i7T,223's (feat. 9lokknine),ynw melly,2019-11-22,2020-01-03,123
3TKpJrY9q49Mj1JOsM9zGL,family,the chainsmokers,2019-12-06,2020-01-03,124
7ntUbTIwmwOD6ygCMRZT6e,"writing on the wall (feat. post malone, cardi b & rvssian)",french montana,2019-12-06,2020-01-03,125
1Knctxx9vGZxpZfF66BIEa,legends,juice wrld,2018-06-22,2020-01-03,126
3Dv1eDb0MEgF93GpLXlucZ,say so,doja cat,2019-11-07,2020-01-03,127
1VJwtWR6z7SpZRwipI12be,candy,doja cat,2018-03-30,2020-01-03,128
7FGq80cy8juXBCD2nrqdWU,eastside (with halsey & khalid),benny blanco,2018-12-07,2020-01-03,129
6DCZcSspjsKoFjzjrWoCdn,god's plan,drake,2018-06-29,2020-01-03,130
0qaWEvPkts34WF68r8Dzx9,turn me on (feat. vula),riton,2019-09-13,2020-01-03,131
2uIX8YMNjGMD7441kqyyNU,ocean eyes,billie eilish,2016-11-18,2020-01-03,132
5iwz1NiezX7WWjnCgY5TH4,calma - remix,pedro capó,2018-10-05,2020-01-03,133
1000nHvUdawXuUHgBod4Wv,panini,lil nas x,2019-09-13,2020-01-03,134
6TqXcAFInzjp0bODyvrWEq,talk (feat. disclosure),khalid,2019-04-05,2020-01-03,135
4bTZeO72FwMa6wKOiqoynL,otro trago - remix,sech,2019-07-26,2020-01-03,136
7iHHxY2NLlJRAmlAmC4ahQ,stuck in a dream (feat. gunna),lil mosey,2019-11-08,2020-01-03,137
5T8EDUDqKcs6OSOwEsfqG7,don't stop me now - remastered 2011,queen,1978-11-10,2020-01-03,138
3cphb8kdsjElYR7r5icK3H,nice to meet ya,niall horan,2019-10-04,2020-01-03,139
5WHTFyqSii0lmT9R21abT8,don't call me up,mabel,2019-01-18,2020-01-03,140
7BKLCZ1jbUBVqRi2FVlTVw,closer,the chainsmokers,2016-07-29,2020-01-03,141
6gBFPUFcJLzWGx4lenP6h2,goosebumps,travis scott,2016-09-16,2020-01-03,142
62zKJrpbLxz6InR3tGyr7o,jackboys,jackboys,2019-12-27,2020-01-03,143
0tgVpDi06FyKpA1z0VMD4v,perfect,ed sheeran,2017-03-03,2020-01-03,144
7ef4DlsgrMEH11cDZd32M6,one kiss (with dua lipa),calvin harris,2018-04-06,2020-01-03,145
25ZAibhr3bdlMCLmubZDVt,que pretendes,j balvin,2019-06-28,2020-01-03,146
5uCax9HTNlzGybIStD3vDh,say you won't let go,james arthur,2016-10-28,2020-01-03,147
7CZyCXKG6d5ALeq41sLzbw,take what you want (feat. ozzy osbourne & travis scott),post malone,2019-09-06,2020-01-03,148
2bT1PH7Cw3J9p3t7nlXCdh,if i can't have you,shawn mendes,2019-06-19,2020-01-03,149
6hw1Sy9wZ8UCxYGdpKrU6M,roller,apache 207,2019-10-25,2020-01-03,150
0bYg9bo50gSsH3LtXe2SQn,all i want for christmas is you,mariah carey,1994-10-28,2020-01-03,151
2JvzF1RMd7lE3KmFlsyZD8,middle child,j. cole,2019-01-23,2020-01-03,152
0KoiMHhqKLoL4xM54rcWYY,"taki taki (feat. selena gomez, ozuna & cardi b)",dj snake,2019-07-25,2020-01-03,153
2grAr8pWMuLWn8ZYEE9wDV,never seen the rain,tones and i,2019-07-15,2020-01-03,154
4lKuzrdZrJuCAedbIslF3A,sentadão,pedro sampaio,2019-11-22,2020-01-03,155
2bPtwnrpFNEe8N7Q85kLHw,combatchy (feat. mc rebecca),anitta,2019-11-20,2020-01-03,156
7KbF6AdprOXEEHlsq11Z6d,11:00 pm,maluma,2019-05-17,2020-01-03,157
0RDgqtvOHLwcI6yz9bjsZV,perreo en la luna,rich music ltd,2019-10-11,2020-01-03,158
2iUXsYOEPhVqEBwsqP70rE,youngblood,5 seconds of summer,2018-06-15,2020-01-03,159
4Of7rzpRpV1mWRbhp5rAqG,bruises,lewis capaldi,2019-05-17,2020-01-03,160
0JP9xo3adEtGSdUEISiszL,moonlight,xxxtentacion,2018-03-16,2020-01-03,161
6IRdLKIyS4p7XNiP8r6rsx,all the good girls go to hell,billie eilish,2019-03-29,2020-01-03,162
3s4mrPrEFFPF0LmAfutW0n,the london (feat. j. cole & travis scott),young thug,2019-08-16,2020-01-03,163
7m9OqQk4RVRkw9JJdeAw96,jocelyn flores,xxxtentacion,2017-08-25,2020-01-03,164
4ZLzoOkj0MPWrTLvooIuaa,get you the moon (feat. snøw),kina,2018-10-08,2020-01-03,165
3g0mEQx3NTanacLseoP0Gw,takeaway,the chainsmokers,2019-12-06,2020-01-03,166
58wyJLv6yH1La9NIZPl3ne,can we kiss forever?,kina,2018-08-31,2020-01-03,167
4h8VwCb1MTGoLKueQ1WgbD,wake me up,avicii,2013-09-13,2020-01-03,168
2P91MQbaiQOfbiz9VqhqKQ,i like me better,lauv,2018-05-31,2020-01-03,169
4VXIryQMWpIdGgYR4TrjT1,all girls are the same,juice wrld,2018-12-10,2020-01-03,170
1ndyl3wJCFs872XZ3ztPk6,"dj no pare (feat. zion, dalex, lenny tavárez) - remix",justin quiles,2019-09-06,2020-01-03,171
2qxmye6gAegTMjLKEBoR3d,let me down slowly,alec benjamin,2018-11-16,2020-01-03,172
0bMbDctzMmTyK2j74j3nF3,"alone, pt. ii",alan walker,2019-12-27,2020-01-03,173
6RRNNciQGZEXnqk8SQ9yv5,you need to calm down,taylor swift,2019-08-23,2020-01-03,174
5qrSlOut2rNAWv3ubArkNy,be alright,dean lewis,2019-03-22,2020-01-03,175
1cVlW9WQiGlFdWUXFdFZGh,pa' olvidarme de ella,piso 21,2019-09-06,2020-01-03,176
0DiDStADDVh3SvAsoJAFMk,only human,jonas brothers,2019-06-07,2020-01-03,177
0F7FA14euOIX8KcbEturGH,old town road,lil nas x,2019-06-21,2020-01-03,178
6piAUJJQFD8oHDUr0b7l7q,valentino,24kgoldn,2019-11-22,2020-01-03,179
6RUKPb4LETWmmr3iAEQktW,something just like this,the chainsmokers,2017-04-07,2020-01-03,180
1zB4vmk8tFRmM9UULNzbLB,thunder,imagine dragons,2017-06-23,2020-01-03,181
3bidbhpOYeV4knp8AIu8Xn,can't hold us - feat. ray dalton,macklemore & ryan lewis,2012-10-09,2020-01-03,182
2BgEsaKNfHUdlh97KmvFyo,2002,anne-marie,2018-04-27,2020-01-03,183
3U4isOIWM3VvDubwSI3y7a,all of me,john legend,2013-08-30,2020-01-03,184
3Kd6Wp3lG5HXMB2dlvuy7y,death,trippie redd,2019-11-22,2020-01-03,185
36orMWv2PgvnzXsd5CJ0yL,post malone (feat. rani),sam feldt,2019-08-16,2020-01-03,186
3wwo0bJvDSorOpNfzEkfXx,let me know (i wonder why freestyle),juice wrld,2019-12-07,2020-01-03,187
1tNJrcVe6gwLEiZCtprs1u,3 nights,dominic fike,2018-10-16,2020-01-03,188
7hpJ9tATWb2vztlq99hERP,maniac,conan gray,2019-10-25,2020-01-03,189
4TnFANpjVwVKWzkxNzIyFH,ne reviens pas,gradur,2019-11-29,2020-01-03,190
0rKtyWc8bvkriBthvHKY8d,slow dancing in the dark,joji,2018-10-26,2020-01-03,191
40rXWke6SnXiGkSmaT8ZUr,fantasía,ozuna,2019-11-29,2020-01-03,192
5vdp5UmvTsnMEMESIF2Ym7,another one bites the dust - remastered 2011,queen,1980-06-27,2020-01-03,193
3Fj47GNK2kUF0uaEDgXLaD,wish you were gay,billie eilish,2019-03-29,2020-01-03,194
2xJCMIJfcNYDc5iR0sAm2O,new rules,dua lipa,,2020-01-03,195
2PWjKmjyTZeDpmOUa3a5da,cheirosa - ao vivo,jorge & mateus,2019-10-11,2020-01-03,196
1rfofaqEpACxVEHIZBJe6W,havana (feat. young thug),camila cabello,2018-01-12,2020-01-03,197
5F8ffc8KWKNawllr5WsW0r,surtada - remix brega funk,dadá boladão,2019-09-25,2020-01-03,198
3i9UVldZOE0aD0JnyfAZZ0,lover (remix) [feat. shawn mendes],taylor swift,2019-11-13,2020-01-03,199
2IRZnDFmlqMuOrYOLnZZyc,going bad (feat. drake),meek mill,2018-11-30,2020-01-03,200
41L3O37CECZt3N7ziG2z7l,yummy,justin bieber,2020-01-03,2020-01-10,2
1iQDltZqI7BXnHrFy4Qo1k,trampoline (with zayn),shaed,2019-09-26,2020-01-10,46
6U0FIYXCQ3TGrk4tFpLrEA,sugar,brockhampton,2019-08-23,2020-01-10,61
5ACkb3CikcSZPF0h7FSZAp,mean it,lauv,2020-01-02,2020-01-10,69
2FvD20Z8aoWIePi7PoN8sG,toes (feat. lil baby & moneybagg yo),dababy,2019-09-27,2020-01-10,135
0uI7yAKUf52Cn7y3sYyjiX,3 nights,dominic fike,2018-10-16,2020-01-10,157
3tv697PZNnaQN0Mn2zGhS5,a gente fez amor - ao vivo,gusttavo lima,2019-12-05,2020-01-10,168
6lruHh1jF7ezgbLv72xYmf,fml,arizona zervas,2018-06-03,2020-01-10,175
1DEkGXICCGLjDF7C65KBFw,"fuck, i'm lonely (with anne-marie) - from “13 reasons why: season 3”",lauv,2020-01-02,2020-01-10,176
4a6q8CR2hzLk2plDkSxkfD,i.f.l.y.,bazzi,2019-08-09,2020-01-10,178
6H568VnZWTitazwFTwVSd8,i'm so tired...,lauv,2020-01-02,2020-01-10,180
0Q2n5yzl2XRqYbV77tZNYp,goodmorningtokyo!,tokyo’s revenge,2019-10-18,2020-01-10,183
5PYQUBXc7NYeI1obMKSJK0,never really over,katy perry,2019-05-31,2020-01-10,187
4Yxc55NX3tAXC2mHRAhtcW,"all i want - from ""high school musical: the musical: the series""",olivia rodrigo,2019-11-27,2020-01-10,188
7A20WnLkjtZU2d7hIB6Ziu,start wit me (feat. gunna),roddy ricch,2019-12-06,2020-01-10,190
6fxVffaTuwjgEk5h9QyRjy,photograph,ed sheeran,,2020-01-10,194
6CcJMwBtXByIz4zQLzFkKc,i love you,billie eilish,2019-03-29,2020-01-10,195
4z6wo6PJG4Fve45OXK6D9m,infeliz,arcangel,2019-12-20,2020-01-10,196
6K4t31amVTZDgR3sKmwUJJ,the less i know the better,tame impala,2015-07-17,2020-01-10,198
6zeeWid2sgw4lap2jV61PZ,better,khalid,2018-10-18,2020-01-10,200
5yY9lUy8nbvjM1Uyo1Uqoc,life is good (feat. drake),future,2020-01-10,2020-01-17,3
7HMmFQsKsljwTw8bS7lu19,rare,selena gomez,2020-01-10,2020-01-17,12
4l0Mvzj72xxOpRrp6h8nHi,lose you to love me,selena gomez,2020-01-10,2020-01-17,14
3ClBKQkKoaUQ6UOhe2xlJK,good news,mac miller,2020-01-09,2020-01-17,18
2usxQITOSDqvkYiI0oIwao,you should be sad,halsey,2020-01-10,2020-01-17,24
1ToprX3cpBiXoAe5eNSk74,eleven,khalid,2020-01-09,2020-01-17,51
2ez6qvOTHKeI3ss80NGqnI,trampoline (with zayn),shaed,2019-12-27,2020-01-17,55
7eOkHIcaoUhngxxypM5Ajr,look at her now,selena gomez,2020-01-10,2020-01-17,56
4VgYtXCVJ7IbWAZ5ryfvEQ,muévelo,nicky jam,2020-01-08,2020-01-17,61
3mQ6SLdxxaL52Yte7KF2Ks,morado,j balvin,2020-01-09,2020-01-17,65
2u3EyuCqqV31woqGvO9LBz,sum 2 prove,lil baby,2020-01-10,2020-01-17,75
11OwAR3GlBj9E35Cznf7Lj,vulnerable,selena gomez,2020-01-10,2020-01-17,87
5sK3o66yupTNIK6gWgzGjf,dance again,selena gomez,2020-01-10,2020-01-17,90
11Ey4yJVeWEsA73KjACkVY,ring,selena gomez,2020-01-10,2020-01-17,107
2C0hTkdEoikhKzDCJl32QZ,crowded room (feat. 6lack),selena gomez,2020-01-10,2020-01-17,111
07KXEDMj78x68D884wgVEm,high fashion (feat. mustard),roddy ricch,2019-12-06,2020-01-17,115
63mdJr3NMY3wReOkNE6c6W,people you know,selena gomez,2020-01-10,2020-01-17,119
0uFForNKQPvgSCnxlZIhQy,let me get me,selena gomez,2020-01-10,2020-01-17,161
4bb94wZVF1cX66vQjNeJTX,a sweeter place (feat. kid cudi),selena gomez,2020-01-10,2020-01-17,166
6ztvsy3C6hPjVg9j4x1XKJ,tip toe (feat. a boogie wit da hoodie),roddy ricch,2019-12-06,2020-01-17,176
0PQsrLxPbOBBwwmXCnGvcF,diamonds (with normani),megan thee stallion,2020-01-10,2020-01-17,187
4OtHGdb0KqEbaWb6edUnR9,cut you off,selena gomez,2020-01-10,2020-01-17,195
59iGOjPSOcPLGl3vqEStUp,kinda crazy,selena gomez,2020-01-10,2020-01-17,196
7FIWs0pqAYbP91WWM0vlTQ,godzilla (feat. juice wrld),eminem,2020-01-17,2020-01-24,4
1DWZUa5Mzf2BwzpHtgbHPY,good news,mac miller,2020-01-17,2020-01-24,14
7lidXGPXPYLNThITAOTlkK,you should be sad,halsey,2020-01-17,2020-01-24,16
24NuEDgyRIljwSyY0lsr7b,black swan,bts,2020-01-17,2020-01-24,19
0VSzREd1OjEWJ9tXoFHRQH,those kinda nights (feat. ed sheeran),eminem,2020-01-17,2020-01-24,22
5SiZJoLXp3WOl3J4C8IK0d,darkness,eminem,2020-01-17,2020-01-24,26
4wNIkl5XGiAACjFBlDWuSd,what a man gotta do,jonas brothers,2020-01-17,2020-01-24,27
0GQ5bFTVFFKpwNPc7KwQnB,"you gon’ learn (feat. royce da 5'9"" & white gold)",eminem,2020-01-17,2020-01-24,30
0q2vG0UVuy6ajjcpkQHdZM,unaccommodating (feat. young m.a),eminem,2020-01-17,2020-01-24,32
2hwOoMtWPtTSSn6WHV7Vp5,blue world,mac miller,2020-01-17,2020-01-24,38
5CpsIb7SMFHjmAG8RvIWfq,leaving heaven (feat. skylar grey),eminem,2020-01-17,2020-01-24,44
4jXl6VtkFFKIt3ycUQc5LT,circles,mac miller,2020-01-17,2020-01-24,49
7Dj2wqPYXfSRFwa6qyOztr,in too deep,eminem,2020-01-17,2020-01-24,52
5Xhqh4lwJPtMUTsdBztN1a,me gusta,shakira,2020-01-13,2020-01-24,55
7ccTcabbJlCJiIqtrSSwBk,premonition - intro,eminem,2020-01-17,2020-01-24,57
3R8CyhJfVjvgIROd5RSGhQ,i can see,mac miller,2020-01-17,2020-01-24,62
2Yv2mHzr5AQavVdwQjEokV,hand me downs,mac miller,2020-01-17,2020-01-24,69
1lO9CZo6eDrOy0S7khgryG,no regrets (feat. don toliver),eminem,2020-01-17,2020-01-24,70
3WfSNAoj2D8C9noPSGZZFM,complicated,mac miller,2020-01-17,2020-01-24,71
1qwMkkRiD5jqLeUUjfgblh,lock it up (feat. anderson .paak),eminem,2020-01-17,2020-01-24,72
34d7sGX6WUqq8f04e7CSNF,marsh,eminem,2020-01-17,2020-01-24,73
3QVHSV8YKYq4L8tI5rnFgj,stepdad,eminem,2020-01-17,2020-01-24,74
1hoLUVBx0ixX3kn0EX0P5n,kein wort,juju,2020-01-16,2020-01-24,76
6FZDfxM3a3UCqtzo5pxSLZ,without me,halsey,2020-01-17,2020-01-24,80
5mZXWEH2eh8zMZGCxT5aW0,"yah yah (feat. royce da 5'9"", black thought, q-tip & denaun)",eminem,2020-01-17,2020-01-24,83
40YbWniIEmqy6s58fYXLUh,never love again,eminem,2020-01-17,2020-01-24,90
3Qa944OTMZkg8DHjET8JQv,woods,mac miller,2020-01-17,2020-01-24,91
74gykWHknHDrg4eMdcmdRq,farewell,eminem,2020-01-17,2020-01-24,94
1OuN92HcVG6NVpWbeESNB3,everybody,mac miller,2020-01-17,2020-01-24,98
4EmunTy7kNBYQivOa8F6b8,alfred - interlude,eminem,2020-01-17,2020-01-24,100
4qNWEOMyexn7b8Icyk29t9,little engine,eminem,2020-01-17,2020-01-24,102
2uiOyiRxtNix52dpeaDQPM,mean it,lauv,2020-01-16,2020-01-24,108
2ufmtcIFdFpuUYBPXK5f67,graveyard,halsey,2020-01-17,2020-01-24,112
3CJbxqRQ0JNCqboWDNUUeX,"i will (feat. kxng crooked, royce da 5'9"" & joell ortiz)",eminem,2020-01-17,2020-01-24,113
2Mfv5HaqnI18Q9JRv9hqnn,still learning,halsey,2020-01-17,2020-01-24,115
1kwnxJNVl7cwcU98RvMBaR,surf,mac miller,2020-01-17,2020-01-24,118
1mCsF9Tw4AkIZOjvZbZZdT,break my stride,matthew wilder,1983-03-19,2020-01-24,132
4yJiXq86uM56uIfIZgE440,me & ur ghost,blackbear,2020-01-16,2020-01-24,137
0udOCZp7yk0Ml92C0k8H8D,that's on me,mac miller,2020-01-17,2020-01-24,139
1Cv1YLb4q0RzL6pybtaMLo,sunday best,surfaces,2019-01-06,2020-01-24,140
26G5nmIx7Yvq79bIIluyZV,once a day,mac miller,2020-01-17,2020-01-24,148
4qOesAYiMiMFiZrn2wfkl6,big drip,ufo361,2020-01-17,2020-01-24,155
6CrnvqCxBKVWahSiQwOesM,hands,mac miller,2020-01-17,2020-01-24,157
5KawlOMHjWeUjQtnuRs22c,boy with luv (feat. halsey),bts,2019-04-12,2020-01-24,165
2KAkkba3PaYFegfmYpUITv,dans l'espace (feat. heuss l'enfoiré),gambi,2020-01-17,2020-01-24,167
5GyyPRvEwdI4wJSUbzxHQv,blanche,maes,2020-01-16,2020-01-24,168
4HUZBG98TYbxSR9V1V2DWS,tudo ok,thiaguinho mt,2019-11-15,2020-01-24,179
3cqPu20DGTGUoZtbJH2Dmi,what if i told you that i love you,ali gatie,2020-01-24,2020-01-31,29
3o1CUVeHIid49sabk6A6Nf,forever yours - avicii tribute,kygo,2020-01-24,2020-01-31,80
3HWzoMvoF3TQfYg4UPszDq,truth hurts,lizzo,2019-04-19,2020-01-31,126
2nNGV59DJJwk7D5ImGf6uc,donuts,gzuz,2020-01-23,2020-01-31,129
0Vl4eICpXMjtiK0RhdaWov,zu ende,samra,2020-01-23,2020-01-31,164
3XF5xLJHOQQRbWya6hBp7d,you should see me in a crown,billie eilish,2019-03-29,2020-01-31,167
06scTb0zbkxYNgpAB3J9fN,b.i.t.c.h.,megan thee stallion,2020-01-24,2020-01-31,171
7BjmOMyfT4PBKbZuSCwWPc,bi sonraki hayatımda gel,murda,2020-01-24,2020-01-31,187
40T5GIqQ1CegGm2PTEl8Bu,idontwannabeyouanymore,billie eilish,2017-08-11,2020-01-31,191
5px6upUHM3fhOP621Edp4V,physical,dua lipa,2020-01-30,2020-02-07,18
6zGPytJiZmFuyVq7RTNO9G,get me,justin bieber,2020-01-28,2020-02-07,45
2slqvGLwzZZYsT4K4Y1GBC,only the young - featured in miss americana,taylor swift,2020-01-31,2020-02-07,61
1V7JaMp11LKGwKiVmSetf0,baby,joker bra,2020-01-30,2020-02-07,68
1bRO28yzxgO3y3UmNR29TZ,"i do it (ft. big sean, lil baby)",lil wayne,2020-01-31,2020-02-07,70
18ssFhD04lWo1RzpcohnrG,anyone,demi lovato,2020-01-27,2020-02-07,103
3Ghyp3X5Ua9ypHnBIgOObI,liberdade provisória - ao vivo,henrique & juliano,2020-01-31,2020-02-07,120
4GyMIm2BEMoOXjmIvSpfLi,king of my city,a boogie wit da hoodie,2020-01-31,2020-02-07,128
43NqTeL8pgBxKHPMiJKUP5,girl,myke towers,2020-01-24,2020-02-07,135
1R4xkZXQUQ8QJtAdwHkSgC,mon ami,samra,2020-01-29,2020-02-07,136
5hVghJ4KaYES3BFUATCYn0,earfquake,"tyler, the creator",2019-05-17,2020-02-07,160
3Q6F8RByyhRTJpRtZLY3cg,whats poppin,jack harlow,2020-01-21,2020-02-07,176
5MYzajZVxBaPT2JUSRa99L,wake up call (feat. trippie redd),ksi,2020-01-27,2020-02-07,183
3ZFTkvIE7kyPt6Nu3PEa7V,hips don't lie (feat. wyclef jean),shakira,2005-11-28,2020-02-07,190
2Rk4JlNc2TPmZe2af99d45,me! (feat. brendon urie of panic! at the disco),taylor swift,2019-08-23,2020-02-07,193
364dI1bYnvamSnBJ8JcNzN,intentions,justin bieber,2020-02-07,2020-02-14,7
6p8eEdiZLKJH8tcjGZuNTK,run,joji,2020-02-06,2020-02-14,31
0TrPqhAMoaKUFLR7iYDokf,know your worth,khalid,2020-02-04,2020-02-14,36
5eEQCfq7MXQr6aHLNRUZLs,keii,anuel aa,2020-02-07,2020-02-14,37
6wJYhPfqk3KGhHRG76WzOh,blueberry faygo,lil mosey,2020-02-07,2020-02-14,53
5JSVa5i6lFPoyOzK4gj0Ox,no shame,5 seconds of summer,2020-02-05,2020-02-14,67
3qM0vBxIe4VUbK0Z0smuVP,medusa,jhayco,2020-02-05,2020-02-14,85
75dLEqanQTupF3dtP9exT5,yikes,nicki minaj,2020-02-07,2020-02-14,105
113PlnpZbHd3WIqeYjhZWv,definitivamente,daddy yankee,2020-01-31,2020-02-14,118
5hff5RQeE84pznOt8WEWeO,birthday,anne-marie,2020-02-07,2020-02-14,120
1v7L65Lzy0j0vdpRjJewt1,"lose yourself - from ""8 mile"" soundtrack",eminem,2004-01-01,2020-02-14,129
0JjM9bKm4wrwohMslcm892,still be friends (feat. tory lanez & tyga),g-eazy,2020-02-07,2020-02-14,134
5IUOU5xkzGHsRFOYNu3GSK,no judgement,niall horan,2020-02-07,2020-02-14,149
2ZrAjMSmlbDIil0JaVgTHh,broke in a minute,tory lanez,2020-02-07,2020-02-14,155
1mXVgsBdtIVeCLJnSnmtdV,too good at goodbyes,sam smith,2017-11-03,2020-02-14,186
38YP1STiBe3AZevFFJILf4,weiss,samra,2020-02-07,2020-02-14,192
73SpzrcaHk0RQPFP73vqVR,no time to die,billie eilish,2020-02-13,2020-02-21,4
4umIPjkehX1r7uhmGvXiSV,intentions (feat. quavo),justin bieber,2020-02-14,2020-02-21,5
16wAOAZ2OkqoIDN7TpChjR,yummy,justin bieber,2020-02-14,2020-02-21,7
2ZlCGeK30BLRNSPC832pNZ,forever (feat. post malone & clever),justin bieber,2020-02-14,2020-02-21,15
3wYRLYuO1M88d8woWUIxct,ignorantes,bad bunny,2020-02-14,2020-02-21,18
2ZTYlnhhV1UAReg7wIGolx,to die for,sam smith,2020-02-14,2020-02-21,30
733c1CWmIGymoQXdp7Us88,"numbers (feat. roddy ricch, gunna and london on da track)",a boogie wit da hoodie,2020-02-14,2020-02-21,53
6ZelF5APDN5r6XnFqcnvWR,give no fxk,migos,2020-02-14,2020-02-21,57
2o9LAypwGH4ctV0i9boo6d,come around me,justin bieber,2020-02-14,2020-02-21,61
40qyPyljksBEqlNw5sW37T,habitual,justin bieber,2020-02-14,2020-02-21,64
5Py8zRKGkZvgHniVVtvNCN,all around me,justin bieber,2020-02-14,2020-02-21,65
7eJMfftS33KTjuF7lTsMCx,death bed (coffee for your head),powfu,2020-02-08,2020-02-21,68
4ejyZ4uJEXUURcgKp1kP8v,after hours,the weeknd,2020-02-19,2020-02-21,69
5VwwpU7KsLhgfbMEecedhJ,get me (feat. kehlani),justin bieber,2020-02-14,2020-02-21,72
1PnAx788sAvcI3ZxTlEyX8,second emotion (feat. travis scott),justin bieber,2020-02-14,2020-02-21,79
75nKBP8jQu681pTNCtrEnn,running over (feat. lil dicky),justin bieber,2020-02-14,2020-02-21,85
1b6tPXXCV2fSNtR3SKWUQA,available,justin bieber,2020-02-14,2020-02-21,86
3LbZIhU0smEU5SUnxod4j4,breathe deeper,tame impala,2020-02-14,2020-02-21,96
521Os1SMlxmsoevsqyjNmJ,changes,justin bieber,2020-02-14,2020-02-21,103
60brXKLTC15vK0av5gIldm,confirmation,justin bieber,2020-02-14,2020-02-21,116
2rjjNUYONZqC7wSd1i6OFq,good as hell (feat. ariana grande),lizzo,2019-04-17,2020-02-21,117
3JHpk0DOTOzyh0777JFAky,diosa,myke towers,2020-01-24,2020-02-21,120
7Ek9e3eIuktIFjpDRQfmHE,mios mit bars,luciano,2020-02-13,2020-02-21,122
6PzOPrXx8tJEqace76yrv2,e.t.a.,justin bieber,2020-02-14,2020-02-21,135
5hM5arv9KDbCHS0k9uqwjr,borderline,tame impala,2020-02-14,2020-02-21,139
39nTNk5MfyiiRupTwn1iyC,take it out on me,justin bieber,2020-02-14,2020-02-21,141
4l2rsMfr20dj6nf6i6F3Y8,might not give up (feat. young thug),a boogie wit da hoodie,2020-02-14,2020-02-21,160
2hLu8L8SNfCN4yKyPdX0h3,that's what love is,justin bieber,2020-02-14,2020-02-21,164
74fV8TuLZKVzSIOOGu8wwI,go stupid (feat. nle choppa & mike will made-it),polo g,2020-02-14,2020-02-21,171
5ozqshq2dtU7SYCpCBu0NE,one more year,tame impala,2020-02-14,2020-02-21,175
5JWPUEov2wlX7c0jhYZpeB,lost in yesterday,tame impala,2020-02-14,2020-02-21,187
6VLkgf5YmLixsabdqiCVGU,at least for now,justin bieber,2020-02-14,2020-02-21,193
2QyuXBcV1LJ2rq01KhreMF,on,bts,2020-02-21,2020-02-28,22
22LAwLoDA5b4AaGSkg6bKW,blueberry faygo,lil mosey,2020-02-06,2020-02-28,23
3IB5qOeMayvpOdHxYCL5tZ,on (feat. sia),bts,2020-02-21,2020-02-28,34
6XXYdF6pJR1K3wKvuxmu7n,feel me,selena gomez,2020-02-21,2020-02-28,42
2nC3QhMI9reBIOWutbU3Tj,moral of the story,ashe,2019-02-14,2020-02-28,46
0ono6UCNVZ1XqOm6j78Blu,filter,bts,2020-02-21,2020-02-28,47
3bkkMZEAhx7rTVz1C0itRQ,black swan,bts,2020-02-21,2020-02-28,48
3op7HNwLli54MBjFGzIlZO,louder than bombs,bts,2020-02-21,2020-02-28,54
1aKuG1GG76xPLUkjBbQo3W,ugh!,bts,2020-02-21,2020-02-28,56
4vTgx6h4seHvkuFh84JXYP,my time,bts,2020-02-21,2020-02-28,58
4AlihYDqxXshKhvh5tnMfP,00:00 (zero o’clock),bts,2020-02-21,2020-02-28,67
7w05lsU2VLSeiT8Nukrv5M,friends,bts,2020-02-21,2020-02-28,74
44WLOqH7QayQOQdeUHeKUK,we are bulletproof : the eternal,bts,2020-02-21,2020-02-28,75
4BKOjYosPhw334moS3wlbO,inner child,bts,2020-02-21,2020-02-28,79
1xfXXujIlLZAx5wpu46Nyk,moon,bts,2020-02-21,2020-02-28,84
5RUUkFNqH3GRKHg1xjprOb,old me,5 seconds of summer,2020-02-21,2020-02-28,103
3r9FFjLrAIQjoR8pSHVPC9,outro : ego,bts,2020-02-21,2020-02-28,104
7MZF7YLxOP2to9iblSulLc,modern loneliness,lauv,2020-02-20,2020-02-28,108
2Nib4r0saYQf2pUV4RFDhl,interlude : shadow,bts,2020-02-21,2020-02-28,109
7na7Bk98usp84FaOJFPv3d,tattoo,rauw alejandro,2020-02-13,2020-02-28,111
6ap9lSRJ0iLriGLqoJ44cq,city of angels,24kgoldn,2019-11-22,2020-02-28,113
79s5XnCN4TJKTVMSmOx8Ep,dior,pop smoke,2019-07-26,2020-02-28,118
37TSJmYKLxXmx8OehFpqMN,respect,bts,2020-02-21,2020-02-28,120
4iiWcajF1fEUpwcUewc464,"life is good (feat. drake, dababy & lil baby) - remix",future,2020-02-15,2020-02-28,128
7MXVkk9YMctZqd1Srtv4MB,starboy,the weeknd,2016-11-25,2020-02-28,168
4dZTZbmJBCCofAExHwefda,lottery (renegade),k camp,2019-06-21,2020-02-28,182
3VFT90E0yYjdHSFoGv02us,rich rich,ufo361,2020-02-21,2020-02-28,186
1mF6sMUsRU9MisrdB9qWvg,mejor,dalex,2020-02-07,2020-02-28,196
09mEdoA6zrmBPgTEN5qXmN,call out my name,the weeknd,2018-03-30,2020-02-28,200
38RIEav39FGi86jppxO0du,ignorantes,bad bunny,2020-02-29,2020-03-06,6
6NfrH0ANGmgBXyxgV2PeXt,la difícil,bad bunny,2020-02-29,2020-03-06,7
41wtwzCZkXwpnakmwJ239F,si veo a tu mamá,bad bunny,2020-02-29,2020-03-06,9
2kJu14V7hbZw3I4K8L8SXb,stupid love,lady gaga,2020-02-28,2020-03-06,13
69vlMrzHwATKzupwNcUPyK,la santa,bad bunny,2020-02-29,2020-03-06,14
2n7ohqg1s68ToAHh4u9mcW,vete,bad bunny,2020-02-29,2020-03-06,15
75pQqzwgCjUOSSy5CpmAjy,pero ya no,bad bunny,2020-02-29,2020-03-06,29
0SqqAgdovOE24BzxIClpjw,yo perreo sola,bad bunny,2020-02-29,2020-03-06,32
4uziEsK1yiqdauKVDPsmVG,rojo,j balvin,2020-02-27,2020-03-06,33
2DEZmgHKAvm41k4J3R2E9Y,safaera,bad bunny,2020-02-29,2020-03-06,38
4j4w4CXm6BSr0s25wAWrrX,bichiyal,bad bunny,2020-02-29,2020-03-06,44
7sOfmPd18RWp3FoCzpa7Kw,soliá,bad bunny,2020-02-29,2020-03-06,45
6gm12xlADJwiBbHIKBXzGW,rené,residente,2020-02-27,2020-03-06,46
5raTDhlbxFDnpn89bxArdH,that way,lil uzi vert,2020-03-01,2020-03-06,49
4r9jkMEnArtWGH2rL2FZl0,a tu merced,bad bunny,2020-02-29,2020-03-06,52
4saHEjXw7O1NXJOzBkUKKG,está cabrón ser yo,bad bunny,2020-02-29,2020-03-06,55
53v2u51nq3CxiKUNphRzP1,que malo,bad bunny,2020-02-29,2020-03-06,57
5kqNIqFjijuzvVLhuY9B8j,la zona,bad bunny,2020-02-29,2020-03-06,60
4NqQaovM14WR2hNPMFxgjb,25/8,bad bunny,2020-02-29,2020-03-06,63
7KSSdFCBHCfq4KPzz78ghk,heatin up (feat. gunna),lil baby,2020-02-28,2020-03-06,65
4MZSqgwlE71CWZ6qQ3gkKm,<3,bad bunny,2020-02-29,2020-03-06,66
5J7teKIJGtqVypgYI6sqXj,una vez,bad bunny,2020-02-29,2020-03-06,69
1V8XneTrX6kKeoxYbk4x6h,hablamos mañana,bad bunny,2020-02-29,2020-03-06,70
02RCbjb9czvQKNGBmEmWob,woah,lil baby,2020-02-28,2020-03-06,77
463PQggkmk5tTw8ug0ahOX,the other side (from trolls world tour),sza,2020-02-26,2020-03-06,81
4MdcsdRj7i8eBm0qFjO4L4,feel me,selena gomez,2020-01-10,2020-03-06,89
0fgsKar6uBO08vzHXkTjWi,p fkn r,bad bunny,2020-02-29,2020-03-06,99
5gCg2qMPzKkW4jS4dBKdDs,puesto pa' guerrial,bad bunny,2020-02-29,2020-03-06,104
6AyWdCtEn1DdxjnxPeojR2,live off my closet (feat. future),lil baby,2020-02-28,2020-03-06,106
3tDqEKKUs6gf8zMvSuLyLA,commercial (feat. lil uzi vert),lil baby,2020-02-28,2020-03-06,123
5f4Hy5mw5SRaUgXX9c6P5S,sum 2 prove,lil baby,2020-02-28,2020-03-06,125
7ygVaACDENw4PgLbN1awFE,matrix,apache 207,2020-02-24,2020-03-06,151
3jT2LKH0RSbQ8jIUNFzXm5,ptsd,g herbo,2020-02-28,2020-03-06,171
78qd8dvwea0Gosb6Fe6j3k,boss bitch,doja cat,2020-01-23,2020-03-06,180
033if6Adj8fwBYsQzHOfQ8,100k cash,capital bra,2020-02-27,2020-03-06,184
4RVtBlHFKj51Ipvpfv5ER4,drown (feat. clinton kane),martin garrix,2020-02-27,2020-03-06,185
7hav1MHURQf5SAoPk0egqh,baby pluto,lil uzi vert,2020-03-06,2020-03-13,15
2ajzBr7vwHTEBeqDzcsNRC,that way - bonus track,lil uzi vert,2020-03-06,2020-03-13,16
3kW4z2pIj5VY5fLjBrMRL5,p2,lil uzi vert,2020-03-06,2020-03-13,21
6CUP2khYzdphXebxVTfPE3,lo mein,lil uzi vert,2020-03-06,2020-03-13,31
5egD7A5x9AHdVO2fMo3Wbo,silly watch,lil uzi vert,2020-03-06,2020-03-13,36
2IHLaN6wwYKQ3S24NsQqpA,i love me,demi lovato,2020-03-06,2020-03-13,46
4nK5YrxbMGZstTLbvj6Gxw,supalonely,benee,2019-11-15,2020-03-13,49
6vxU64pcIuQ38O015Zy4qj,homecoming,lil uzi vert,2020-03-06,2020-03-13,51
1xcOYJxDa5pObgxY1r0I9c,i'm sorry,lil uzi vert,2020-03-06,2020-03-13,52
4YcWzLSnGqLjSCycuSMHnn,prices,lil uzi vert,2020-03-06,2020-03-13,53
2fOlBMkWR7lXJfqp5VTbDG,futsal shuffle 2020 - bonus track,lil uzi vert,2020-03-06,2020-03-13,57
1jDbQz6tr52WgScCTXMnaN,pop,lil uzi vert,2020-03-06,2020-03-13,60
25B5fGr9K0VdZJiRFsnMO4,celebration station,lil uzi vert,2020-03-06,2020-03-13,61
2oHDJHNondITqbl8xZ9vPn,bigger than life,lil uzi vert,2020-03-06,2020-03-13,64
3BYIzNZ3t9lRQCACXSMLrT,venetia,lil uzi vert,2020-03-06,2020-03-13,68
6YAxCn4juTWn5hWl2hzHGw,you better move,lil uzi vert,2020-03-06,2020-03-13,73
5Xitt5a5uLQ1QtYdFxmi9e,se me olvidó,christian nodal,2020-03-06,2020-03-13,81
46mT9NR7N9Zf5MolcrBgE3,chrome heart tags,lil uzi vert,2020-03-06,2020-03-13,93
4wBcaYqLPm7EtDVoJQORU4,bust me,lil uzi vert,2020-03-06,2020-03-13,102
2qG81jL9UIP54uS8gYyP4k,who (feat. bts),lauv,2020-03-06,2020-03-13,113
7gHZGXSJzM29WA384suYY2,secure the bag,lil uzi vert,2020-03-06,2020-03-13,122
5HEtuK03ygUzqca6yfgOYZ,lettre à une femme,ninho,2020-03-07,2020-03-13,126
63wx9vdskaXbYxyDx4oJCZ,b.s. (feat. h.e.r.),jhené aiko,2020-03-06,2020-03-13,130
7GX5flRQZVHRAGd6B4TmDO,xo tour llif3,lil uzi vert,2017-08-25,2020-03-13,137
5KlPy74NOEAt8jC3FYURnQ,urgency (feat. syd),lil uzi vert,2020-03-06,2020-03-13,140
3R3rQ7FbTJdsi5She10YvI,angst,loredana,2020-03-06,2020-03-13,141
1eyek0KJEh2v5HQ9uQSybb,modern loneliness,lauv,2020-03-06,2020-03-13,148
7GwYENSg87oERcW0Wacd6m,skybox,gunna,2020-03-06,2020-03-13,159
5RsKelNxucrDxgMbZ3vd3W,young & alive,bazzi,2020-03-05,2020-03-13,167
4vjpLMyL3ZO6aphdYr8XYw,i'm so tired...,lauv,2020-03-06,2020-03-13,169
75ZvA4QfFiZvzhj2xkaWAh,i fall apart,post malone,2016-12-09,2020-03-13,190
09PGubKAMryhOWv1LHpCYz,"fuck, i'm lonely (with anne-marie)",lauv,2020-03-06,2020-03-13,191
3uc8AGNL0KbvISIrjnfRvN,mean it,lauv,2020-03-06,2020-03-13,200
56uXDJRCuoS7abX3SkzHKQ,myron,lil uzi vert,2020-03-13,2020-03-20,32
1jaTQ3nqY3oAAYyCTbIvnM,whats poppin,jack harlow,2020-03-13,2020-03-20,41
0IpnZchq8ek2A6pGEP2Qb1,bean (kobe) [feat. chief keef],lil uzi vert,2020-03-13,2020-03-20,61
7wsmIIm0xWmtP7TmACXkJn,oprah’s bank account (lil yachty & dababy feat. drake),lil yachty,2020-03-09,2020-03-20,63
4S2uhQE8L9V6p7rj7SiauJ,suicidal (remix) [feat. juice wrld],ynw melly,2020-03-13,2020-03-20,66
59JWp4PjZ9TRM8cmtaDYB1,yessirskiii,lil uzi vert,2020-03-13,2020-03-20,68
7AzlLxHn24DxjgQX73F9fU,no idea,don toliver,2020-03-13,2020-03-20,75
6tCssnvTUREcperDOUTqvA,wannabe,itzy,2020-03-09,2020-03-20,86
0Li1OuXXfi7950ilZUFGkF,cardigan,don toliver,2020-03-13,2020-03-20,104
2sGF7DBXvL2GjkbG606m1G,no judgement,niall horan,2020-03-13,2020-03-20,113
4z2JaAVPemYJhFKm7e32RA,skechers,dripreport,2020-01-12,2020-03-20,114
61ZM92T2zaXIVsqncThQzC,in your eyes (feat. alida),robin schulz,2020-01-10,2020-03-20,116
4EivmOT13NMpNSfTKn9p4s,like that (feat. gucci mane),doja cat,2019-11-07,2020-03-20,122
4SnlSaLJJ7reJMCHM5YUuX,lotus,lil uzi vert,2020-03-13,2020-03-20,126
0A37XY67wSdGqkGjtfW6aV,fantasias - remix,rauw alejandro,2020-03-06,2020-03-20,139
4D7NrSeqkTarBrJ80b2sBc,leaders (feat. nav),lil uzi vert,2020-03-13,2020-03-20,147
4lAQfuREAHG8IC0PiiigBt,strawberry peels (feat. young thug & gunna),lil uzi vert,2020-03-13,2020-03-20,149
19Ec2gbNtQTE44IizcPjtD,wassup (feat. future),lil uzi vert,2020-03-13,2020-03-20,153
4sWGHlZGM1XA7TyWdtBAbA,moon relate,lil uzi vert,2020-03-13,2020-03-20,158
7rpNuuoMbid56XkDsx2FjE,black and white,niall horan,2020-03-13,2020-03-20,163
5iFwAOB2TFkPJk8sMlxP8g,make you mine,public,2019-08-09,2020-03-20,166
5m3jpKkgkfoMcym1qjToFg,jangueo,alex rose,2019-11-08,2020-03-20,175
7vTspUAmMKFkUpKL9HLZNL,trap this way (this way),lil uzi vert,2020-03-13,2020-03-20,177
1HF6P40Z7nfExGaB1Gk99v,got the guap (feat. young thug),lil uzi vert,2020-03-13,2020-03-20,184
0AhJag7VI8uFf3mJFsTwvf,i can show you,lil uzi vert,2020-03-13,2020-03-20,188
1qCmZnC1FUpNgOydIzqIPC,bad child,tones and i,2020-03-11,2020-03-20,192
7IxGslFZA5QhgXbUsDmcjf,"bad girls, good vibes",ufo361,2020-03-13,2020-03-20,198
0VjIjW4GlUZAMYd2vXMi3b,blinding lights,the weeknd,2020-03-20,2020-03-27,1
7szuecWAPwGoV1e5vGu8tl,in your eyes,the weeknd,2020-03-20,2020-03-27,6
2p8IUWQDrpjuFltbdgLOag,after hours,the weeknd,2020-03-20,2020-03-27,10
2rRJrJEo19S2J82BDsQ3F7,falling,trevor daniel,2020-03-26,2020-03-27,11
380HmhwTE2NJgawn1NwkXi,rojo,j balvin,2020-03-19,2020-03-27,14
6bnF93Rx87YqUBLSgjiMU8,heartless,the weeknd,2020-03-20,2020-03-27,18
6b5P51m8xx2XA6U7sdNZ5E,alone again,the weeknd,2020-03-20,2020-03-27,21
6kWxIqQDsKFYCJGbU4AjCX,hardest to love,the weeknd,2020-03-20,2020-03-27,24
6zEgnpM0qYmHLDnh8WPejL,amarillo,j balvin,2020-03-19,2020-03-27,26
4BGZF4oLbTL0pWm7C18pbv,scared to live,the weeknd,2020-03-20,2020-03-27,27
2K9Ovn1o2bTGqbsABGC6m3,too late,the weeknd,2020-03-20,2020-03-27,28
5QO79kh1waicV47BqGRL3g,save your tears,the weeknd,2020-03-20,2020-03-27,29
35KmOEIUqAGn02t7n4qaIr,morado,j balvin,2020-03-19,2020-03-27,33
3WlbeuhfRSqU7ylK2Ui5U7,snowchild,the weeknd,2020-03-20,2020-03-27,35
3orEOtd8CPL8GFlpRpKuoE,faith,the weeknd,2020-03-20,2020-03-27,36
1sOW4PuG5X3Ie3EXUhAopJ,escape from la,the weeknd,2020-03-20,2020-03-27,37
40U8d12pC5UHqmHwXjHjjl,repeat after me (interlude),the weeknd,2020-03-20,2020-03-27,51
2lCkncy6bIB0LTMT7kvrD1,azul,j balvin,2020-03-19,2020-03-27,61
55CHeLEfn5iJ0IIkgaa4si,savage,megan thee stallion,2020-03-06,2020-03-27,66
2BcnxwxBuar5wjCaLqm5N3,until i bleed out,the weeknd,2020-03-20,2020-03-27,68
2alc8VZAzDgdAsL2QMk3hu,skechers,dripreport,2020-01-12,2020-03-27,70
5pXy29xzxR3aTB0SYRI590,blanco,j balvin,2020-03-19,2020-03-27,74
4cSSL3YafYjM3yjgFO1vJg,walk em down (feat. roddy ricch),nle choppa,2020-03-19,2020-03-27,80
464uJVLmr0fDJGXOnciaDe,rosa,j balvin,2020-03-19,2020-03-27,87
1syf62zw48zu4FrPwMtDHk,gris,j balvin,2020-03-19,2020-03-27,88
2hsA9YWuF3C9Gosi4dpjJN,negro,j balvin,2020-03-19,2020-03-27,103
6KfoDhO4XUWSbnyKjNp9c4,maniac,conan gray,2020-03-20,2020-03-27,112
3HTbI3yUJQw3fP0Po8qLcD,verde,j balvin,2020-03-19,2020-03-27,134
5zzbORcD0GwLY0wQHP1Xs1,arcoíris,j balvin,2020-03-19,2020-03-27,163
3H7ihDc1dqLriiWXwsc2po,breaking me,topic,2019-12-19,2020-03-27,172
0Odu228D0yGcFySGuxU4rY,the take (feat. chris brown),tory lanez,2019-11-15,2020-03-27,175
4n0Ke1KJsPHvd7xRoU29E2,h <3 t e l,dardan,2020-03-20,2020-03-27,183
7AFASza1mXqntmGtbxXprO,changes,xxxtentacion,2018-03-16,2020-03-27,199
3PfIrDoz19wz7qK7tYeu62,don't start now,dua lipa,2020-03-27,2020-04-03,2
017PF4Q3l4DBUiWoXk4OWT,break my heart,dua lipa,2020-03-27,2020-04-03,7
3AzjcOeAmA57TIOr9zF1ZW,physical,dua lipa,2020-03-27,2020-04-03,12
4HDCLYli2SUdkq9OjmvhSD,believe it,partynextdoor,2020-03-27,2020-04-03,22
0lSZh5W0wDeurkGzLYY6hf,turks (feat. travis scott),nav,2020-03-27,2020-04-03,25
3frUvGrmGcay91lvFbOgsN,like it is,kygo,2020-03-27,2020-04-03,43
39LLxExYz6ewLAcYrzQQyP,levitating,dua lipa,2020-03-27,2020-04-03,52
1nYeVF5vIBxMxfPoL0SIWg,hallucinate,dua lipa,2020-03-27,2020-04-03,55
6DXZiYUbrYgrVIhfX3U9Z2,pretty please,dua lipa,2020-03-27,2020-04-03,69
2nMOodYNHBAQ3Kc1QNimZU,cool,dua lipa,2020-03-27,2020-04-03,70
6zrJLhslleCHby0wbUnvVy,future nostalgia,dua lipa,2020-03-27,2020-04-03,71
4rPkN1FMzQyFNP9cLUGIIB,love again,dua lipa,2020-03-27,2020-04-03,76
6uAFJ75WDAoAPyCWJAtvks,good in bed,dua lipa,2020-03-27,2020-04-03,92
4POHzEwNTCYaIvqCUp3NnO,old me,5 seconds of summer,2020-03-27,2020-04-03,105
0vQcyuMEfRBd21ojZ62N2L,boys will be boys,dua lipa,2020-03-27,2020-04-03,118
62aP9fBQKYKxi7PDXwcUAS,ily (i love you baby) (feat. emilee),surf mesa,2019-11-26,2020-04-03,121
2chEq24EHjyw9Zjmwq0hlS,auto blu,shiva,2020-03-26,2020-04-03,122
719aY5gAzJbx2PHjyalZQu,du bist mein,zuna,2020-03-27,2020-04-03,132
353IDEfNzPJmGNRnOi5kJ1,wildflower,5 seconds of summer,2020-03-27,2020-04-03,136
7vgv8KZBSo0TPzyIWG9yzV,salt,ava max,2019-12-12,2020-04-03,157
2TrhpvxwuF6hrboTdRXwnS,allein sein,ufo361,2020-03-27,2020-04-03,161
3fEoJxnPpfIHwFHKiFtqbA,break up song,little mix,2020-03-27,2020-04-03,187
26wLOs3ZuHJa2Ihhx6QIE6,teeth,5 seconds of summer,2019-08-23,2020-04-03,188
76nqCfJOcFFWBJN32PAksn,kings & queens,ava max,2020-03-12,2020-04-03,189
1y4jsQt7MjnZhiD1L6qFBC,cradles,sub urban,2019-01-04,2020-04-03,192
2WlZuBDgLfT7Kc0admhFdg,braba,luísa sonza,2020-03-18,2020-04-03,200
127QTOFJsJQp5LbJbu3A1y,toosie slide,drake,2020-04-03,2020-04-10,2
1lGHa2pwYzxQHFBUynhLtO,find my way,dababy,2020-04-01,2020-04-10,32
6Q3K9gVUZRMZqZKrXovbM2,i'll wait,kygo,2020-04-03,2020-04-10,80
4PV0uE5pZSh44E3NqNNDEH,selfish,madison beer,2020-02-14,2020-04-10,99
50ZC4PM7hywH27RcCfViau,elegí (feat. dímelo flow),rauw alejandro,2020-03-26,2020-04-10,111
0Snbzbd74RLfL0i4nn1vU5,favorito,camilo,2020-03-26,2020-04-10,117
2w1rq80FIrbxeJy9WYURxw,follow,karol g,2020-04-01,2020-04-10,128
3iQOfefMGDVDwo8dZoco8T,porfa,feid,2019-12-13,2020-04-10,152
6fWa5CRgy0z30OeGZyMBvD,heart on ice,rod wave,2019-06-14,2020-04-10,190
2tGENA8xef0wABdHvyXwv9,la cama - remix,lunay,2020-03-27,2020-04-10,194
665AK0ovB11McZRwfa852G,astronomia,vicetone,2016-09-16,2020-04-10,196
6xZ4Q2k2ompmDppyeESIY8,level of concern,twenty one pilots,2020-04-09,2020-04-17,30
4QnC1bIaMSfDQvF4XDhV5M,boyfriend,selena gomez,2020-04-09,2020-04-17,40
1fPnUpoXCpD2NDI4vPVeLw,stupid again,tory lanez,2020-04-10,2020-04-17,101
4xqIYGwwZTEem9U8A42SPF,broke in a minute,tory lanez,2020-04-10,2020-04-17,109
0dy5NFDnx5fuZvE8ZXEX35,shotz fired,bonez mc,2020-04-09,2020-04-17,127
1yYBOIXO2H9LDqEPui42GM,baebae,samra,2020-04-09,2020-04-17,128
4Pu0a2TuHOYtI4CCE3HEXI,sigues con el - remix,arcangel,2020-04-10,2020-04-17,171
0gWbAFRcUyZKdfUxEOuOiD,por primera vez,camilo,2020-03-09,2020-04-17,172
4lMOQR1rRW5hJgJXOtKraL,relación,sech,2020-04-02,2020-04-17,199
7ytR5pFWmSjzHJIeQkgog4,rockstar (feat. roddy ricch),dababy,2020-04-17,2020-04-24,10
1fipvP2zmef6vN2IwXfJhY,i’m ready (with demi lovato),sam smith,2020-04-16,2020-04-24,27
0jT8Nl0shPS8115is0wD2Q,favorito,camilo,2020-04-17,2020-04-24,29
5UusfWUMMLEXLMc1ViNZoe,@ meh,playboi carti,2020-04-16,2020-04-24,32
1gVCEnryJhkdQcuC0Kbvor,find my way,dababy,2020-04-17,2020-04-24,43
2hfoyc7ve6xM4ZEiNIiU1B,gimme love,joji,2020-04-16,2020-04-24,58
5gNOINI5dXZVom2b36LMOd,pick up (feat. quavo),dababy,2020-04-17,2020-04-24,78
5Gj1wG8b12VQdEd3hUuSwo,freedom,kygo,2020-04-17,2020-04-24,99
0oT9ElXYSxvnOOagP9efDq,jump (feat. youngboy never broke again),dababy,2020-04-17,2020-04-24,102
0pgj4EzB1XRqgZemoMNG5D,por primera vez,camilo,2020-04-17,2020-04-24,103
527k23H0A4Q0UJN3vGs0Da,after party,don toliver,2020-03-13,2020-04-24,114
3H3r2nKWa3Yk5gt8xgmsEt,this city,sam fischer,2019-12-11,2020-04-24,138
14wf185UxfNbSy8dwt4r4q,mamacita,black eyed peas,2020-04-10,2020-04-24,154
16oi4OiKmkO51l60F5R9kR,lightskin sh*t (feat. future & jetsonmade),dababy,2020-04-17,2020-04-24,156
1Ol5LmdNDNpFu1oNwfgkux,tutu,camilo,2020-04-17,2020-04-24,159
2AuWgceaQyfMoI3EGavwGb,no me ame,rvssian,2020-04-17,2020-04-24,162
0jWm0VyD8p3MrSInczpows,blame it on baby,dababy,2020-04-17,2020-04-24,180
39Yp9wwQiSRIDOvrVg7mbk,the scotts,the scotts,2020-04-24,2020-05-01,1
0OyQns5ayNK2OVaES0Vb8t,righteous,juice wrld,2020-04-24,2020-05-01,10
7wBJfHzpfI3032CSD7CE2m,stargazing,travis scott,2018-08-03,2020-05-01,46
6xcJyGpfZbuuiequtnlKt4,butterfly effect,travis scott,2018-08-02,2020-05-01,51
4TOmcZvw0gHa7GiXRbcYAW,porfa,feid,2020-04-23,2020-05-01,56
6lU4BQWZomCWRfKSowfezE,emotions,ufo361,2020-04-24,2020-05-01,85
4DpNNXFMMxQEKl7r0ykkWA,play date,melanie martinez,2015-08-14,2020-05-01,89
3ZdDYeaZzeYnrP4crgXzPk,90-60-111,shirin david,2020-04-23,2020-05-01,112
7lAK3oHbfEnvUQWosrMMpR,yosemite,travis scott,2018-08-03,2020-05-01,115
3lay6f81Lhy0qp2Uvp4cNJ,houdini (feat. swarmz & tion wayne),ksi,2020-04-24,2020-05-01,151
0ROE31C8Wu4neZoR9stM9e,sasuke,lil uzi vert,2020-04-24,2020-05-01,166
5v4GgrXPMghOnBBLmveLac,savage remix (feat. beyoncé),megan thee stallion,2020-04-29,2020-05-01,179
3iEqGBZ2wcpVzhiAcwXVC6,if you’re too shy (let me know) - edit,the 1975,2020-04-23,2020-05-01,183
466cKvZn1j45IpxDdYZqdA,toosie slide,drake,2020-05-01,2020-05-08,2
6Kj17Afjo1OKJYpf5VzCeo,pain 1993 (with playboi carti),drake,2020-05-01,2020-05-08,12
3Z8FwOEN59mRMxDCtb8N0A,be kind (with halsey),marshmello,2020-05-01,2020-05-08,22
4wVOKKEHUJxHCFFNUWDn0B,chicago freestyle (feat. giveon),drake,2020-05-01,2020-05-08,23
5fHrHoJKfCgBd35zwIBmUK,d4l,future,2020-05-01,2020-05-08,46
05aZ9sAU1YXndHv0FMi9iW,demons (feat. fivio foreign & sosa geek),drake,2020-05-01,2020-05-08,49
5H4mXWKcicuLKDn4Jy0sK7,time flies,drake,2020-05-01,2020-05-08,51
7eYAHC0RbBF9eaqWzT34Aq,desires (with future),drake,2020-05-01,2020-05-08,53
3Q4gttWQ6hxqWOa3tHoTNi,not you too (feat. chris brown),drake,2020-05-01,2020-05-08,55
11VApNQCWLJdzxWrlmwzUa,say so (feat. nicki minaj),doja cat,2020-05-01,2020-05-08,58
3KixNgUEaDtrKJVzdqjU5q,landed,drake,2020-05-01,2020-05-08,67
5TCBWmEBrin7etRa4Lswr1,when to say when,drake,2020-05-01,2020-05-08,68
7v8OynJxOxHoeS5C2UA9Y7,nicht verdient,capital bra,2020-04-29,2020-05-08,69
3IvMYBE7A3c7to1aEcfFJk,deep pockets,drake,2020-05-01,2020-05-08,70
2RxC2peY3FtrurYmbbmanr,qué maldición,banda ms de sergio lizárraga,2020-05-01,2020-05-08,71
1I55Ea0zVoSKs6MqW7DQ3i,war,drake,2020-05-01,2020-05-08,73
0YkUwXxnTkeJBvt5upeEtP,from florida with love,drake,2020-05-01,2020-05-08,84
6fLVTVaHWaEfVKfEgbkf4D,losses,drake,2020-05-01,2020-05-08,89
5RqR4ZCCKJDcBLIn4sih9l,party girl,staysolidrocky,2020-04-21,2020-05-08,116
0pYacDCZuRhcrwGUA5nTBe,eight(prod.&feat. suga of bts),iu,2020-05-06,2020-05-08,131
4HBZA5flZLE435QTztThqH,stuck with u (with justin bieber),ariana grande,2020-05-08,2020-05-15,2
4NhDYoQTYCdWHTvlbGVgwo,gooba,6ix9ine,2020-05-08,2020-05-15,4
3goH7O78TLkV9RhCAyM4AT,fame,apache 207,2020-05-08,2020-05-15,45
5XqCz18k96K8tx6DAYM97i,pa' romperla,bad bunny,2020-05-10,2020-05-15,47
0FktnzDqjClqU6iqOZVEs2,bye me fui,bad bunny,2020-05-10,2020-05-15,48
4EJHKSnHENfjOxXWryyNtL,más de una cita,bad bunny,2020-05-10,2020-05-15,56
3pm4XtcsRIFFtH2UErk62R,canción con yandel,yandel,2020-05-10,2020-05-15,59
5bmSver2b3ZXyuyLKtgnFI,bad con nicky,bad bunny,2020-05-10,2020-05-15,60
2tFwfmceQa1Y6nRPhYbEtC,cómo se siente - remix,jhayco,2020-05-09,2020-05-15,63
2CoMYp2uIKsT09nreEZnZn,bendiciones,bad bunny,2020-05-10,2020-05-15,82
1zaDh3qaGSeSmulNyWlUxm,si ella sale,bad bunny,2020-05-10,2020-05-15,83
7IMwEtpAiJanqF6vQteZN2,turks (with gunna & ft. travis scott),nav,2020-05-08,2020-05-15,86
3XZeOzJ9tqnu58YP6cqApI,ronca freestyle,bad bunny,2020-05-10,2020-05-15,116
3Ddny34bFoYBb8dIGq5lwp,zoo york (feat. fivio foreign & pop smoke),lil tjay,2020-05-08,2020-05-15,130
2DhNdoHxavs7Qtf5MnhZD0,en casita,bad bunny,2020-05-10,2020-05-15,131
4SJHHpKhcuXwDsCsPqshXj,el efecto,rauw alejandro,2019-03-15,2020-05-15,169
0uDdI4fAXCuNhQbmxENdsO,can i,kehlani,2020-05-08,2020-05-15,177
74j34STf8L6uADnTN69ohv,el efecto - remix,rauw alejandro,2019-12-13,2020-05-15,186
0ecC8p17cDNlxHXkuYqeR6,surrender,natalie taylor,2019-10-29,2020-05-15,193
1K5KBOgreBi5fkEHvg5ap3,life is good (feat. drake),future,2020-05-15,2020-05-22,27
7xbWAw3LMgRMn4omR5yVn3,lose somebody,kygo,2020-05-15,2020-05-22,44
4kfeRwpq5KUaqTkgi4TbDF,solitaires (feat. travis scott),future,2020-05-15,2020-05-22,51
4uqh9bualXNHXXwO2wPorc,daisies,katy perry,2020-05-15,2020-05-22,52
2QqJTIlGKRLJC3onkavYEz,flex (feat. juice wrld),polo g,2020-05-15,2020-05-22,89
77fvnWALKJR0ws1VUx09CY,x (with karol g),jonas brothers,2020-05-15,2020-05-22,92
021lWIHJrURZrmvYQ1xcM8,all bad (feat. lil uzi vert),future,2020-05-15,2020-05-22,105
740kQ8xwSGloumdiKR5Cwz,trillionaire (feat. youngboy never broke again),future,2020-05-15,2020-05-22,110
4PklAHGXT5ityno3IA8SKd,go stupid,polo g,2020-05-15,2020-05-22,128
3ZG8N7aWw2meb6UrI5ZmnZ,relación,sech,2020-05-21,2020-05-22,129
6J2LdBN97cDWn0MLxYh9HB,july,noah cyrus,2020-05-15,2020-05-22,141
1mohfLaTJtB2RplHLQVM70,la jeepeta - remix,nio garcia,2020-04-24,2020-05-22,157
0eeKDrQxjqNl5bX5VCHDcn,pam,justin quiles,2020-05-01,2020-05-22,158
5CqkgDH8QZjSqqI3HmYxDD,airwaves,pashanim,2020-05-14,2020-05-22,161
4zTPYAf5scZdp0LnwPPeWK,deep end freestyle,sleepy hallow,2020-04-03,2020-05-22,163
568OIKgeHyGRD3uWR44JbO,racks 2 skinny,migos,2020-05-11,2020-05-22,173
65jw6GhwQW3Db55PxlPEpS,be something (feat. lil baby),polo g,2020-05-15,2020-05-22,179
4slSrbTK1sNK4I1mDYEthf,rover (feat. dtg),s1mba,2020-03-04,2020-05-22,184
3WnTQDd9A3bpBfzCziElU9,excitement,trippie redd,2020-05-15,2020-05-22,196
24ySl2hOPGCDcxBxFIqWBu,rain on me (with ariana grande),lady gaga,2020-05-22,2020-05-29,1
0H4ugk6rhnXmTl47ayy9O5,daechwita,agust d,2020-05-22,2020-05-29,55
3nS9a01VvXHQriLqJYwRqG,dollaz on my head (feat. young thug),gunna,2020-05-22,2020-05-29,69
0BwO44CBPFWxAIO5ZbPf3N,roadrunner,bonez mc,2020-05-21,2020-05-29,78
5LHHKZOwV8XW4LJP2C64mw,cooler than a bitch (feat. roddy ricch),gunna,2020-05-22,2020-05-29,83
0UnTaVkntyh3vqvLEvbpQx,in your eyes (with doja cat) - remix,the weeknd,2020-05-21,2020-05-29,90
0y7Ao3CVJsyKFmqdjutiIF,wunna,gunna,2020-05-22,2020-05-29,92
3US6RbELvvrPw3DcvtJmis,komm komm,capital bra,2020-05-21,2020-05-29,123
6R6ZoHTypt5lt68MWbzZXv,sour candy (with blackpink),lady gaga,2020-05-28,2020-05-29,124
4YhJ3a6kBPGJWX4Ek77sDd,top floor (feat. travis scott),gunna,2020-05-22,2020-05-29,139
5id3Rqn7SPj1LX4FfY4nGz,together,sia,2020-05-20,2020-05-29,159
1IIKrJVP1C9N7iPtG6eOsK,go crazy,chris brown,2020-05-08,2020-05-29,169
47EWMOElkkbMp5m9SBkx7d,idk you yet,alexander 23,2020-04-09,2020-05-29,171
4GUj9MfPPkjpZskxb45uiX,angels & demons,jxdn,2020-05-19,2020-05-29,197
5kbps8unnGH4raN5WduZuq,confía,sech,2020-05-21,2020-05-29,199
7ju97lgwC2rKQ6wwsf9no9,rain on me (with ariana grande),lady gaga,2020-05-29,2020-06-05,2
1IWNylpZ477gIVUDpJL66u,sour candy (with blackpink),lady gaga,2020-05-29,2020-06-05,5
4w47S36wQGBhGg073q3nt7,tkn (feat. travis scott),rosalía,2020-05-28,2020-06-05,15
1sgDyuLooyvEML4oHspNza,lose somebody,kygo,2020-05-29,2020-06-05,32
7yBbV2k2S2uhaQc24NF2xt,stupid love,lady gaga,2020-05-29,2020-06-05,40
4CNcRgjGw1v9VQaTaytdnD,tell me u luv me (with trippie redd),juice wrld,2020-05-29,2020-06-05,43
06s3QtMJVXw1AJX3UfvZG1,hasta que dios diga,anuel aa,2020-05-29,2020-06-05,46
6qI0MU175Dk2DeoUjlrOpy,911,lady gaga,2020-05-29,2020-06-05,52
41A89rj3GoMG6ktN37L7PG,alice,lady gaga,2020-05-29,2020-06-05,53
4L6ihclQPu1hqP9r3WNJjQ,free woman,lady gaga,2020-05-29,2020-06-05,58
0b9oOr2ZgvyQu88wzixux9,this is america,childish gambino,2018-05-06,2020-06-05,63
6hyQVqfHFvsJDjcmj4qrHf,fun tonight,lady gaga,2020-05-29,2020-06-05,74
0zzsyWc45eUcSjw4FNHxeN,sine from above (with elton john),lady gaga,2020-05-29,2020-06-05,75
7JDbfYUHjDzQPFSDh5lzGs,enigma,lady gaga,2020-05-29,2020-06-05,77
7sKbyYeJnITO1Eh9xd0lKd,replay,lady gaga,2020-05-29,2020-06-05,79
3CidPLqWXqgesJlwYVJZdy,plastic doll,lady gaga,2020-05-29,2020-06-05,80
0oQc0F6KUE7QY7k5TU6bic,chromatica ii,lady gaga,2020-05-29,2020-06-05,87
5DttNeiizFqWUON9hZBqTY,babylon,lady gaga,2020-05-29,2020-06-05,91
3CGZ7wfk4skmuyQgua1C1K,chromatica i,lady gaga,2020-05-29,2020-06-05,93
2hDe0Ls5mVqs1XJqv7sbcM,fútbol & rumba (feat. enrique iglesias),anuel aa,2020-05-29,2020-06-05,101
62hTXlVQacy3pjBW4ntRPl,1000 doves,lady gaga,2020-05-29,2020-06-05,106
78ldtCaBRJVp2i91B715L0,broken glass,kygo,2020-05-29,2020-06-05,114
0KkIkfsLEJbrcIhYsCL7L5,china,anuel aa,2020-05-29,2020-06-05,120
1kKYjjfNYxE0YYgLa7vgVY,higher love,kygo,2020-05-29,2020-06-05,123
2bAAj29XGc4h1G4oEGYCmg,more & more,twice,2020-06-01,2020-06-05,124
4dyrqiXUcK29hzrL2elqO3,like it is,kygo,2020-05-29,2020-06-05,126
6BXyD6UUPizpRpA7iOi99r,in meinem benz,ak ausserkontrolle,2020-05-29,2020-06-05,131
7KKh0ujp8agIiCrkiJhf81,jangueo,anuel aa,2020-05-29,2020-06-05,140
6yVkakCN460KOVol9ZazjH,reggaetonera,anuel aa,2020-05-29,2020-06-05,141
0t3ZvGKlmYmVsDzBJAXK8C,goodbyes (feat. young thug),post malone,2019-09-06,2020-06-05,151
1WoM4mof0Nl1xPtwf6h6ow,fly,kc rebell,2020-05-29,2020-06-05,180
0U9dP3BUlAgq9KkJXOijBH,skrr,kalim,2020-04-23,2020-06-05,183
57zQSScHq19ztrMnjWCPBI,na raba toma tapão,niack,2020-04-05,2020-06-05,185
0gO3E51A3fqp0ypJ26QbVP,"t.d (lil yachty & tierra whack feat. a$ap rocky & tyler, the creator)",lil yachty,2020-05-29,2020-06-05,188
0LEFmgIj8ABU7CelzGh5Bs,oprah's bank account (lil yachty & dababy feat. drake),lil yachty,2020-05-29,2020-06-05,190
2nx0EIlIKMnMgWnj40O0HQ,freedom,kygo,2020-05-29,2020-06-05,192
66W1rVTnEv86dIkFhoiElg,secrets,regard,2020-04-24,2020-06-05,197
2AlYncTpVHKwHb55F9lF6O,deep end freestyle,sleepy hallow,2020-06-05,2020-06-12,72
0aCTSZQTlmnjQucALTF00s,tak tiki tak,harry nach,2019-07-05,2020-06-12,81
0rqY8g1Y1zaA4YwU6vhBQg,boot,apache 207,2020-06-05,2020-06-12,86
4aOOExMBUyxKnEYb39SrTg,riot,xxxtentacion,2020-06-01,2020-06-12,134
2rxxXYtTIFKyrhJpofeoIX,valla nein (feat. luciano),kc rebell,2020-06-05,2020-06-12,139
3S0OXQeoh0w6AY8WQVckRW,i'm yours,jason mraz,2008-05-01,2020-06-12,197
1JSTJqkT5qHq8MDJnJbRE1,every breath you take,the police,1983-06-17,2020-06-12,198
3dVvWnj4D8JGkKvo6Hucso,trollz (with nicki minaj),6ix9ine,2020-06-12,2020-06-19,20
2g1ukx0VolwI31t8z5vprw,mamacita,black eyed peas,2020-04-09,2020-06-19,27
44gRhRi2OhEf7moAUj6MD1,the bigger picture,lil baby,2020-06-12,2020-06-19,47
1xQ6trAsedVPCdbtDAmk0c,savage love (laxed - siren beat),jawsh 685,2020-06-11,2020-06-19,50
5QZKcQDp0tCcvMdyqEciBV,tommy lee (feat. post malone),tyla yaweh,2020-06-12,2020-06-19,58
2t7D3y0jvYjR8IP9Bosyew,go (feat. juice wrld),the kid laroi,2020-06-12,2020-06-19,60
4Aykm3xrOFSHrAnv80KUhh,rockstar (feat. roddy ricch) - blm remix,dababy,2020-06-12,2020-06-19,76
6Hw21Z5CmEV78jrncFpMwz,tak tiki tak,harry nach,2019-07-05,2020-06-19,77
3gD4J3RUHy4OUuZ3qAiaiG,caramelo,ozuna,2020-06-11,2020-06-19,90
1orjH4IkSH9VrWmRCToKV8,shotta flow 5,nle choppa,2020-06-12,2020-06-19,93
4TgHt7vKCimpywaiKfl0uj,make it rain,pop smoke,2020-06-12,2020-06-19,97
7C1trmcQQ5n5RNy4l6ziCv,some say - felix jaehn remix,nea,2020-01-10,2020-06-19,108
0KBwGCY9RYD9t2zjeW4h48,djomb - bien ou quoi,bosh,2020-05-29,2020-06-19,113
0MLu1cFYL4ikdRTdasCQT9,m' manc (con geolier & sfera ebbasta),shablo,2020-06-11,2020-06-19,139
7ge7BHazYbVKi8qyZUX1Bm,emotionally scarred,lil baby,2020-02-28,2020-06-19,142
3yZCjDTxzZxx1kll1sRjGc,emotions 2.0,ufo361,2020-06-12,2020-06-19,143
0dZpw3h6KZhcHec61qwevZ,banana (feat. shaggy) - dj fle - minisiren remix,conkarah,2020-05-15,2020-06-19,159
0AGS6ZRgzobrazmCi6pYMe,na raba toma tapão,niack,2020-06-06,2020-06-19,173
7yq4Qj7cqayVTp3FF9CWbm,riptide,vance joy,2014-09-08,2020-06-19,197
7d8GetOsjbxYnlo6Y9e5Kw,mr. brightside,the killers,2004-06-07,2020-06-19,199
24IgCW19L8lXKyFZwzFtD3,mamacita,black eyed peas,2020-06-18,2020-06-26,20
0UwQTbq7ZtBJ7v530mpaxP,stay gold,bts,2020-06-19,2020-06-26,72
6q2uIyLqASSpv2SIv2ehWK,vacation,tyga,2020-06-19,2020-06-26,83
4NCsrTzgVfsDo8nWyP8PPc,ritmo (bad boys for life),black eyed peas,2020-06-18,2020-06-26,84
2WOJ7D52Ng3myrKlEf4Azj,big body benz,bonez mc,2020-06-18,2020-06-26,86
2qzUpSVI4NnPyWxbXwumTj,black parade,beyoncé,2020-06-19,2020-06-26,90
4KfL3Ne8bc9bC2PUB8QGwA,ich weiß nicht mal wie sie heißt,capital bra,2020-06-18,2020-06-26,104
5XzombolzpiaOSTdj1W0VS,bleed,a boogie wit da hoodie,2020-06-19,2020-06-26,131
1oOEkBNp4zWnkD7nWjJdog,snow on tha bluff,j. cole,2020-06-16,2020-06-26,134
6gxKUmycQX7uyMwJcweFjp,we paid (feat. 42 dugg),lil baby,2020-05-01,2020-06-26,139
2D0dj3hVkRQJCp63cxCPEx,stunnin' (feat. harm franklin),curtis waters,2020-05-19,2020-06-26,140
57RA3JGafJm5zRtKJiKPIm,are you bored yet? (feat. clairo),wallows,2019-03-22,2020-06-26,170
4ja2gzrNh9VNigzoXfmbwD,mariposa,peach tree rascals,2019-08-28,2020-06-26,173
4bHsxqR3GMrXTxEPLuK5ue,don't stop believin',journey,,2020-06-26,185
3B0irDyS69y5eAz15xV2Ee,wake me up,avicii,2013-01-01,2020-06-26,191
3vAn0qZzdyuHamcrpkfiX3,how you like that,blackpink,2020-06-26,2020-07-03,4
2MbdDtCv5LUVjYy9RuGTgC,"whats poppin (feat. dababy, tory lanez & lil wayne) - remix",jack harlow,2020-06-24,2020-07-03,25
4HYDUMY0xSpeBr0AMY9cUz,la curiosidad,jay wheeler,2020-06-12,2020-07-03,95
6AzKhCHOms83jvNVLsz0Bt,djadja (feat. maluma) - remix,aya nakamura,2020-06-12,2020-07-03,104
4zGtfOglDBfVUypabBwIjQ,desce pro play (pa pa pa),zaac,2020-06-26,2020-07-03,119
0p3euGPg5LgFeQGC7bBFuR,xxl,miksu / macloud,2020-06-26,2020-07-03,123
4P6IttK2PRBjyr3fm0pP7t,past life (with selena gomez),trevor daniel,2020-06-26,2020-07-03,132
7mEUjhl6aTztdHCrxoTgBG,wash us in the blood,kanye west,2020-06-30,2020-07-03,133
6WbTTAGKrQtCQvmc5BuYfh,girls in the hood,megan thee stallion,2020-06-26,2020-07-03,166
3JKgcAa7r07ocVWcV8bS0H,21,polo g,2020-05-15,2020-07-03,168
5OxclJsdFESni44YlpNpkR,parasite eve,bring me the horizon,2020-06-25,2020-07-03,169
7lUdbnz7wsv3C9zzf4WHl9,"porfa remix ( feat. maluma, nicky jam, sech) - remix",feid,2020-06-26,2020-07-03,171
4iHSE5R1U8jf84tRn52xRt,prospect (ft. lil baby),iann dior,2020-06-12,2020-07-03,177
0D4GpOPInKiPxEfQMchu4p,karaoke,boomdabash,2020-06-11,2020-07-03,189
2jyjhRf6DVbMPU5zxagN2h,let her go,passenger,,2020-07-03,195
4pUCKHjJ4Ijewc37rRrvHn,kill this love,blackpink,2019-04-04,2020-07-03,196
1H7KnK26kc1YyellpbINEn,the woo (feat. 50 cent & roddy ricch),pop smoke,2020-07-03,2020-07-10,17
0PvFJmanyNQMseIFrU708S,for the night (feat. lil baby & dababy),pop smoke,2020-07-03,2020-07-10,18
25zlnOAzbVoOzIeXSvQFf1,got it on me,pop smoke,2020-07-03,2020-07-10,41
57tck8MCxkY6tcQC6VhahR,bläulich,apache 207,2020-07-03,2020-07-10,50
1hg3RlqFZXJb5YgRoK9qmF,gangstas,pop smoke,2020-07-03,2020-07-10,53
6O7fPYTsb2mY0PiFt2ymDB,aim for the moon (feat. quavo),pop smoke,2020-07-03,2020-07-10,58
7sjFIZ1g5QLJLGja3k592K,44 bulldog,pop smoke,2020-07-03,2020-07-10,63
71d7LaAgPcNcUopu3OzmP7,make it rain (feat. rowdy rebel),pop smoke,2020-07-03,2020-07-10,64
5rZlwNFl01HqLWBQGryKSm,mood swings (feat. lil tjay),pop smoke,2020-07-03,2020-07-10,78
5kkaSMcf4BFlhRRICCKZb6,something special,pop smoke,2020-07-03,2020-07-10,79
4JB0EAT4BkLShTyTt50FmO,"ego death (feat. kanye west, fka twigs & skrillex)",ty dolla $ign,2020-07-01,2020-07-10,86
3eV2WT9YhfzkxbufnBF8wK,creature (feat. swae lee),pop smoke,2020-07-03,2020-07-10,88
0bjgQ24UZGwKikldIyEOgf,yea yea,pop smoke,2020-07-03,2020-07-10,95
3NWrHCwvyII4fTx05PN3IO,enjoy yourself (feat. karol g),pop smoke,2020-07-03,2020-07-10,100
1tkg4EHVoqnhR6iFEXb60y,what you know bout love,pop smoke,2020-07-03,2020-07-10,101
4OGIeHtYhRTJ8iW21UUyZW,bad bitch from tokyo (intro),pop smoke,2020-07-03,2020-07-10,114
2FhEj9lvEIaJihjFprRrGt,snitching (feat. quavo & future),pop smoke,2020-07-03,2020-07-10,117
1JDhNQ0oOT7XpclZn3aQ8F,west coast shit (feat. tyga & quavo),pop smoke,2020-07-03,2020-07-10,121
1yHdZ9S6rBlNPH3LDNMy2P,life's a mess (feat. halsey),juice wrld,2020-07-06,2020-07-10,138
6EfBMJQwe2xLgldra6DaYp,yaya,6ix9ine,2020-07-03,2020-07-10,139
2SxR5RitJdsG6wINvJLBSD,tunnel vision (outro),pop smoke,2020-07-03,2020-07-10,158
7mcdgAXmb35dakBnfDIv3q,narcos,anuel aa,2020-05-29,2020-07-10,174
7kOf0qHO4Rcwk6QJifZDRJ,el manual,anuel aa,2020-05-29,2020-07-10,189
52zq2a71SGs3f1vJuv59ui,como llora,juanfran,2020-02-07,2020-07-10,192
7y7w4tl4MaRC2UMEj1mPtr,come & go (with marshmello),juice wrld,2020-07-10,2020-07-17,4
6o3QUC5oAE4g6WxRIFcZtb,wishing well,juice wrld,2020-07-10,2020-07-17,7
4h5N4KyWZMtpeH9vhXSXjd,life's a mess (feat. halsey),juice wrld,2020-07-10,2020-07-17,8
2fZTS0VboxRpF0FdfY7E5P,conversations,juice wrld,2020-07-10,2020-07-17,9
0XkmeG97T4mtYlWRJcrxec,party girl (remix),staysolidrocky,2020-07-10,2020-07-17,10
66FgjA5ZQJJuypFG1bc8se,hate the other side (with marshmello & the kid laroi),juice wrld,2020-07-10,2020-07-17,14
615vw74T1NebV8pKoutm2J,righteous,juice wrld,2020-07-10,2020-07-17,15
1QoG0Yqz1onMsdbOibZVke,titanic,juice wrld,2020-07-10,2020-07-17,24
3MmCFghNjzZMn3HKqbVizn,blood on my jeans,juice wrld,2020-07-10,2020-07-17,25
0JoWBcL61YWLXM5vW0YTHO,bad energy,juice wrld,2020-07-10,2020-07-17,27
7iIzwqG5UxPYwTYUUK4pzU,tell me u luv me (with trippie redd),juice wrld,2020-07-10,2020-07-17,35
0jo6Nd4iJU0UFHqS0Xd4l4,fighting demons,juice wrld,2020-07-10,2020-07-17,36
1AnkdcHl86kEhDvhaKDuIe,stay high,juice wrld,2020-07-10,2020-07-17,37
5lcIegmdblnWqT9nS9EhZj,up up and away,juice wrld,2020-07-10,2020-07-17,43
2XSO13Gyndo7MDdtYibIxO,screw juice,juice wrld,2020-07-10,2020-07-17,44
6RsRMf9e4KUyo3MecGffNL,i want it,juice wrld,2020-07-10,2020-07-17,45
1uA914Md6wsy9NDryyBypH,man of the year,juice wrld,2020-07-10,2020-07-17,46
6DuHcOuuGWXNvF3uocsrBa,can't die,juice wrld,2020-07-10,2020-07-17,49
38iBrrbbXyWaSPkmuDNgjZ,the adventures of moon man & slim shady (with eminem),kid cudi,2020-07-10,2020-07-17,67
4ZRrLHqzhGRXYj2qcB4s5S,tattoo - remix with camilo,rauw alejandro,2020-07-09,2020-07-17,72
0YevRlTDW9tyIwViCyke8Q,anxiety - intro,juice wrld,2020-07-10,2020-07-17,78
1ENdcyhqdylaLsPVgB83qq,rags2riches (feat. atr son son),rod wave,2020-04-03,2020-07-17,92
7gwwt1IaAWwmB7af0AcuBM,tak tiki tak,harry nach,2020-07-10,2020-07-17,97
1pqnQ41XbfKjaFu6M0eGJp,"agua (with j balvin) - music from ""sponge on the run"" movie",tainy,2020-07-09,2020-07-17,105
2GriTXl7gRSBv1A2IGZtnL,juice wrld speaks from heaven - outro,juice wrld,2020-07-10,2020-07-17,112
0veNpTQFqfmTX0rsJmO2rO,"the man, the myth, the legend - interlude",juice wrld,2020-07-10,2020-07-17,113
7bDSLyTjZ1VjU5kPHTL3Ko,tiefschwarz (feat. samra),kontra k,2020-07-10,2020-07-17,129
45bE4HXI0AwGZXfZtMp8JR,you broke me first,tate mcrae,2020-04-17,2020-07-17,152
5f1joOtoMeyppIcJGZQvqJ,be like that - feat. swae lee & khalid,kane brown,2020-07-10,2020-07-17,154
6c1QaQHdDhtFMfUkhueuXK,monster,red velvet - irene & seulgi,2020-07-06,2020-07-17,164
2u6Jm2klS4yvAlbSHlxUwI,alane,robin schulz,2020-06-19,2020-07-17,169
6cx06DFPPHchuUAcTxznu9,head & heart (feat. mnek),joel corry,2020-07-03,2020-07-17,170
3Ys2PYl1wyPKQIwyqhP9cQ,stay gold,bts,2020-07-14,2020-07-17,172
7x4ASXYEKfQBCewcZhK776,"ay, dios mío!",karol g,2020-07-10,2020-07-17,177
5TGcyccg8Hkgn9jB7gUpMN,never let me down,vize,2020-04-24,2020-07-17,194
5EbtodsuLbxrFDH6j5avVS,el mismo aire - con pablo alborán,camilo,2020-06-10,2020-07-17,196
6EDO9iiTtwNv6waLwa1UUq,popstar (feat. drake),dj khaled,2020-07-17,2020-07-24,7
35RJhm1pEovTBwnNR0zWad,greece (feat. drake),dj khaled,2020-07-16,2020-07-24,22
1eIsyfDHoEbemSnQFsgyAv,party girl (remix),staysolidrocky,2020-07-17,2020-07-24,23
3Be7CLdHZpyzsVijme39cW,what's love got to do with it,kygo,2020-07-17,2020-07-24,86
34FbkFgAbv4ffvhL2XQMVm,jolie nana,aya nakamura,2020-07-17,2020-07-24,126
4OENnoidV0h8gJV6bhrw7r,only you freestyle,headie one,2020-07-20,2020-07-24,151
4cluDES4hQEUhmXj6TXkSo,what makes you beautiful,one direction,2012-05-25,2020-07-24,161
5Hkj1XjMJv5QCGc9NwZm6z,never know (feat. shirin david),luciano,2020-07-16,2020-07-24,169
4QfZYDhGZc0T2RDvGiI69E,singapur,el alfa,2020-05-15,2020-07-24,179
4R2kfaDFhslZEMJqAFNpdd,cardigan,taylor swift,2020-07-24,2020-07-31,1
4pvb0WLRcMtbPGmtejJJ6y,exile (feat. bon iver),taylor swift,2020-07-24,2020-07-31,4
0Jlcvv8IykzHaSmj49uNW8,the 1,taylor swift,2020-07-24,2020-07-31,5
2Eeur20xVqfUoM3Q7EFPFt,the last great american dynasty,taylor swift,2020-07-24,2020-07-31,8
1MgV7FIyNxIG7WzMRJV5HC,my tears ricochet,taylor swift,2020-07-24,2020-07-31,10
3hUxzQpSfdDqwM3ZTFQY0K,august,taylor swift,2020-07-24,2020-07-31,11
0ZNU020wNYvgW84iljPkPP,mirrorball,taylor swift,2020-07-24,2020-07-31,13
6KJqZcs9XDgVck7Lg9QOTC,seven,taylor swift,2020-07-24,2020-07-31,15
0EhpEsp4L0oRGM0vmeaN5e,un dia (one day) (feat. tainy),j balvin,2020-07-24,2020-07-31,16
6VsvKPJ4xjVNKpI8VVZ3SV,invisible string,taylor swift,2020-07-24,2020-07-31,17
7kt9e9LFSpN1zQtYEl19o1,this is me trying,taylor swift,2020-07-24,2020-07-31,18
2NmsngXHeC1GQ9wWrzhOMf,illicit affairs,taylor swift,2020-07-24,2020-07-31,20
6bvfJf4KjonPMuPfGfy3S2,la jeepeta - remix,nio garcia,2020-07-24,2020-07-31,23
5kI4eCXXzyuIUXjQra0Cxi,betty,taylor swift,2020-07-24,2020-07-31,24
2QDyYdZyhlP2fp79KZX8Bi,mad woman,taylor swift,2020-07-24,2020-07-31,29
08fa9LFcFBTcilB3iq2e2A,epiphany,taylor swift,2020-07-24,2020-07-31,33
7MbT4I8qGntX4fMdqMQgke,peace,taylor swift,2020-07-24,2020-07-31,41
6MWoRt97mnSTXZhu3ggi9C,hoax,taylor swift,2020-07-24,2020-07-31,47
3IJYUaN3tx04S4TYyZHKoP,party girl,staysolidrocky,2020-07-15,2020-07-31,49
4pXW6ZAHBz7ODXTRKklWrM,mamichula - con nicki nicole,trueno,2020-07-23,2020-07-31,53
3kwgqoBqTwoAH4nT29TYrq,nobody's love,maroon 5,2020-07-24,2020-07-31,65
2rPHUAeUPbNgTmK18FPTiZ,go (feat. juice wrld),the kid laroi,2020-07-24,2020-07-31,78
1ZvBVbsaNqHEP6ymXaPGlj,lion king on ice,j. cole,2020-07-22,2020-07-31,82
5jbDih9bLGmI8ycUKkN5XA,perfect,logic,2020-07-24,2020-07-31,99
0FlfN5cbUUpIHCRH8X1M44,the climb back,j. cole,2020-07-22,2020-07-31,104
7eAJEMhjeQLLp4HSdJJ58b,unterwegs,apache 207,2020-07-24,2020-07-31,134
4xqrdfXkTW4T0RauPLv3WA,heather,conan gray,2020-03-20,2020-07-31,140
5PAAUJTKLT0nCmHUlLdPXb,andere welt,capital bra,2020-07-23,2020-07-31,147
59qrUpoplZxbIZxk6X0Bm3,take you dancing,jason derulo,2020-07-22,2020-07-31,151
3jlxX3VXPiY3lvBBbppQD3,tell me why,the kid laroi,2020-07-24,2020-07-31,163
3JDPPLA5oReVAkrEDcBllG,shit changed,ufo361,2020-07-24,2020-07-31,174
4xWzZmX4K1yyrdtRfbUvjt,oh juliana,niack,2020-06-30,2020-07-31,178
4nVBt6MZDDP6tRVdQTgxJg,story of my life,one direction,2013-11-25,2020-07-31,195
24FR8mXTaiGZPrxnkf1kcP,hit my line,logic,2020-07-24,2020-07-31,196
2ygvZOXrIeVL4xZmAWJT2C,my future,billie eilish,2020-07-30,2020-08-07,5
2Wo6QQD1KMDWeFkkjLqwx5,roses - imanbek remix,saint jhn,2019-09-13,2020-08-07,6
4uoR6qeWeuL4Qeu2qJzkuG,hawái,maluma,2020-07-29,2020-08-07,58
2KoHxhRyWxJzA0VafWd5Nk,my oasis (feat. burna boy),sam smith,2020-07-30,2020-08-07,106
2WRTnY0slmFgWcrmEr8dPj,bläulich,apache 207,2020-07-31,2020-08-07,139
5esKpsrB3TbGHwFaAjIGMx,move ya hips (feat. nicki minaj & madeintyo),a$ap ferg,2020-07-30,2020-08-07,140
4CyCHkhRsDXUeP5K4Y3xjU,sie ruft,apache 207,2020-07-31,2020-08-07,141
1g3J9W88hTG173ySZR6E9S,tilidin weg,bonez mc,2020-07-30,2020-08-07,144
0Tcw8w9pvPrZoORgxsNASW,over your head,future,2020-07-31,2020-08-07,149
2GiJYvgVaD2HtM8GqD9EgQ,electric love,børns,2015-10-16,2020-08-07,158
7oJW8vNkosiWuKJtsq3mZs,unterwegs,apache 207,2020-07-31,2020-08-07,169
3GZd1aDsgKL71Kt3VIp0hc,narrow road (feat. lil baby),nle choppa,2020-07-30,2020-08-07,171
5DV4ZSCqbFv74ui3ZhimXo,coño,jason derulo,2020-07-03,2020-08-07,197
4Oun2ylbjFKMPTiaSbbCih,wap (feat. megan thee stallion),cardi b,2020-08-07,2020-08-14,2
6wQlQrTY5mVS8EGaFZVwVF,smile (with the weeknd),juice wrld,2020-07-10,2020-08-14,7
2Y0wPrPQBrGhoLn14xRYCG,come & go (with marshmello),juice wrld,2020-07-10,2020-08-14,9
2U5WueTLIK5WJLD7mvDODv,wishing well,juice wrld,2020-07-10,2020-08-14,11
4K06PO78fW4mnBVenxGNob,conversations,juice wrld,2020-07-10,2020-08-14,80
0ada5XsQGLPUVbmTCkAP49,hate the other side (with marshmello & the kid laroi),juice wrld,2020-07-10,2020-08-14,83
70rFIfYN7lU6iTgUIVP42w,my ex's best friend (with blackbear),machine gun kelly,2020-08-07,2020-08-14,89
5dOxHHMOFAbG3VH23t0xNm,righteous,juice wrld,2020-07-10,2020-08-14,99
5wWAwzGp2OaaoIkwcz6wZs,life's a mess (feat. halsey),juice wrld,2020-07-10,2020-08-14,116
6Ed1q0X8oSKSm4IIhiQbYg,daylight,joji,2020-08-06,2020-08-14,139
4Hpib09wXgD84w4uwTPnYD,tap in,saweetie,2020-06-17,2020-08-14,151
2T5NBwKRySiCR78vVk08vr,blind (feat. young thug),dababy,2020-08-04,2020-08-14,157
3tjFYV6RSFtuktYl3ZtYcq,mood (feat. iann dior),24kgoldn,2020-07-24,2020-08-14,159
3aA6xB0tOilDDX17fIJ0Bl,freak,doja cat,2020-08-07,2020-08-14,170
0VTfHLWzaUUb2Lbw84xOdX,walk em down (feat. roddy ricch),nle choppa,2020-08-07,2020-08-14,172
6N22FZs2ZhPBYi3b9XPajV,still don't know my name,labrinth,2019-10-04,2020-08-14,177
41xKiK40e7MFu1bqcGSz1d,punani,6ix9ine,2020-08-02,2020-08-14,180
0cRgJuB6TRtb5RZ2HkjSLh,anaranjado,jowell & randy,2020-08-06,2020-08-14,184
0qJeyYAgv6UpvewUxRXAhb,rags2riches 2 (feat. lil baby),rod wave,2020-08-07,2020-08-14,187
51Of5p3lKZeOg6itfs4og4,lovefool,twocolors,2020-05-08,2020-08-14,194
2SAqBLGA283SUiwJ3xOUVI,laugh now cry later (feat. lil durk),drake,2020-08-14,2020-08-21,2
27ycaQnQAxaPiyeg3nr2aB,midnight sky,miley cyrus,2020-08-14,2020-08-21,14
0Z0kNthq0sS4lvGz9SSlBF,7 summers,morgan wallen,2020-08-14,2020-08-21,53
02kDW379Yfd5PzW5A6vuGt,lemonade,internet money,2020-08-14,2020-08-21,67
5DoLhdU27owX1NMrKLUbUl,"lean (feat. towy, osquel, beltito & sammy & falsetto)",super yei,2017-03-31,2020-08-21,148
0pk1hxhJLBSZZ5RKBhcwOa,levitating (feat. madonna and missy elliott) [the blessed madonna remix],dua lipa,2020-08-13,2020-08-21,151
2HbKqm4o0w5wEeEFXm2sD4,money trees,kendrick lamar,,2020-08-21,167
2f0pn9DkEJwAzXApnFh5cr,someone to you,banners,2019-10-04,2020-08-21,188
7mrWTjhYctgEQb0lJKrVWy,unterwegs,kitschkrieg,2020-08-07,2020-08-21,190
6ZfXA2xakAvphXOSOJ3u1W,when i look at you,miley cyrus,2009-01-01,2020-08-21,192
1Z0cZI0UzNbP9L8MzzGxqf,walk em down (feat. roddy ricch),nle choppa,2020-08-10,2020-08-21,197
0v1x6rN6JHRapa03JElljE,dynamite,bts,2020-08-21,2020-08-28,2
1yoMvmasuxZfqHEipJhRbp,hawái,maluma,2020-08-21,2020-08-28,3
551xyaSJsg8hILXFq9JdST,"the plan - from the motion picture ""tenet""",travis scott,2020-08-22,2020-08-28,71
6C6mUonH6MNdSg5pw7kOc9,ayer me llamó mi ex (feat. lenny santos),khea,2020-08-20,2020-08-28,73
4ecVWqbtW6phQGpZMAyqIU,not shy,itzy,2020-08-17,2020-08-28,91
6fmQjRuo7XvRFCK2qex5hQ,mi cuarto,jerry di,2020-04-03,2020-08-28,101
205HNJ73cgpC0LAOnuQiWT,bande organisée,kofs,2020-08-15,2020-08-28,107
4RJz8NfIe09gpKMiRUWKhJ,parce (feat. justin quiles),maluma,2020-08-21,2020-08-28,119
2uu2aGqA2UblCg581Q7l1g,caramelo - remix,ozuna,2020-08-17,2020-08-28,120
2mt1IqcFyY1zmYZT8Q3xw9,hot girl bummer,blackbear,2020-08-21,2020-08-28,130
6NJfIydBMYrXvlaXsFxmc8,ain't it different (feat. aj tracey & stormzy),headie one,2020-08-20,2020-08-28,142
6qAxQhNfM909QrDGLYEocf,frühstück in paris,capital bra,2020-08-20,2020-08-28,145
4j3iq13kHs5PB94jdTp3Y3,admv,maluma,2020-08-21,2020-08-28,159
6bM4daGlfZHtKMQp8tEqVz,2012,bausa,2020-08-21,2020-08-28,177
1bRpSCFv6P2OUhciByeRYR,jangueo,alex rose,2019-11-08,2020-08-28,181
34LI7rwi9H8w2S5KTHnv1M,quiéreme mientras se pueda,manuel turizo,2020-05-01,2020-08-28,183
4Rh4UxgPaRTaFfKumWtUbM,if i were u (with lauv),blackbear,2020-08-21,2020-08-28,188
1VLtjHwRWOVJiE5Py7JxoQ,martin & gina,polo g,2020-05-15,2020-08-28,190
0t1kP63rueHleOhQkYSXFY,dynamite,bts,2020-08-28,2020-09-04,4
2J4P46vCFm1rPkNkp9pZWX,ice cream (with selena gomez),blackpink,2020-08-28,2020-09-04,5
58AGoOGbwsQMhBbH0eFLRR,over now (with the weeknd),calvin harris,2020-08-28,2020-09-04,24
2DQNYMRjisN3KAPj1bEwOI,"lemonade (feat. gunna, don toliver & nav)",internet money,2020-08-29,2020-09-04,28
2rFsFjq0D9JAmc0APpCO6P,blastoff (feat. juice wrld & trippie redd),internet money,2020-08-29,2020-09-04,65
2V4Fx72svQRxrFvNT1eq5f,the baddest,k/da,2020-08-27,2020-09-04,82
1RsD951uUUlJx0MRioZfev,cry about it later,katy perry,2020-08-28,2020-09-04,148
19OXtYzrJyCrQvTbfukt4H,madrid (feat. myke towers),maluma,2020-08-21,2020-09-04,156
3GtnId3Cm1Xa6joCj08nzW,jeans,justin quiles,2020-08-14,2020-09-04,164
7JDWhC422Gtk1Bq0mL3OTC,feel something,bea miller,2019-06-21,2020-09-04,171
0mb3uDw5vfFUcZfJYFOMRu,gifted (feat. roddy ricch),cordae,2020-08-27,2020-09-04,185
5cBrOhKDyiJF9bPGUHKkG0,#ad?,dalex,2020-04-20,2020-09-04,188
15k1TDabqSEmyXOwMq9RM7,investe em mim,jonas esticado,2019-12-13,2020-09-04,193
2QjOHCTQ1Jl3zawyYOpxh6,sweater weather,the neighbourhood,2013-04-19,2020-09-04,198
5Jm4w8jmPEBTLjI9vH4fXo,caramelo,ozuna,2020-09-04,2020-09-11,22
35UUpTmrcFXNIVIN26ujXl,relación - remix,sech,2020-09-04,2020-09-11,40
13vDU8nPsvTGEVTMB8Vw7g,djadja (feat. maluma) - remix,aya nakamura,2019-10-25,2020-09-11,45
7Bar1kLTmsRmH6FCKKMEyU,hit different,sza,2020-09-04,2020-09-11,72
5cpJFiNwYyWwFLH0V6B3N8,del mar,ozuna,2020-09-04,2020-09-11,83
67jvGGbJmOmVonlyX3mNkV,caramelo - remix,ozuna,2020-09-04,2020-09-11,87
7aGyRfJWtLqgJaZoG9lJhE,mad at disney,salem ilese,2020-07-24,2020-09-11,97
33gwZOGJWEZ7dRWPqPxBEZ,wolves (feat. post malone),big sean,2020-09-04,2020-09-11,102
0wYOlCybpxFc2azWLyYj0S,lets link,whoheem,2020-08-20,2020-09-11,106
4iD5KYizD5e0KrCsk58P2r,fuckst mich nur ab,bonez mc,2020-09-03,2020-09-11,112
6qiiDtFAJjyEhoZVcf6ovL,gooba,6ix9ine,2020-09-04,2020-09-11,113
4VLTxHOyFX5FRtkpsFm5Pc,lithuania (feat. travis scott),big sean,2020-09-04,2020-09-11,115
5woaU1FNkqCwg6WzWiQPW5,"tap in (feat. post malone, dababy & jack harlow)",saweetie,2020-08-28,2020-09-11,157
15OjBeqNX3bShsGYQbteRv,la tóxica,farruko,2020-07-24,2020-09-11,164
2r6OAV3WsYtXuXjvJ1lIDi,hello (feat. a boogie wit da hoodie),pop smoke,2020-07-20,2020-09-11,167
0JAZWvvqttGFm4UMDsPQXC,despeinada,ozuna,2020-09-04,2020-09-11,171
2MlOUXmcofMackX3bxfSwi,jerusalema (feat. nomcebo zikode),master kg,2020-01-24,2020-09-11,187
30bqVoKjX479ab90a8Pafp,star shopping,lil peep,,2020-09-11,189
0zzVTGyRrWpQu8Fr28NRAv,ok not to be ok,marshmello,2020-09-10,2020-09-18,56
5y7DaS3jAc9eZzcSOoUIwU,una locura,ozuna,2020-09-04,2020-09-18,57
3kml9ZdpT7UYk1ugkjqOzt,don don,daddy yankee,2020-09-11,2020-09-18,100
6fMzgFFGzWCwiHMzDzNpp5,lets link,whoheem,2020-08-20,2020-09-18,107
27u7t9d7ZQoyjsCROHuZJ3,tick tock (feat. 24kgoldn),clean bandit,2020-08-21,2020-09-18,116
6AGOKlMZWLCaEJGnaROtF9,put your records on,ritt momney,2020-04-24,2020-09-18,121
4lsHZ92XCFOQfzJFBTluk8,you got it,vedo,2020-03-27,2020-09-18,127
5oI9blwsXC8AkTWw6wASY8,máquina do tempo,matuê,2020-09-10,2020-09-18,167
0y8mJFmm4ogCHnfe0oTuT6,fuckst mich nur ab,bonez mc,2020-09-10,2020-09-18,171
0xUvi7wldroBzaZCengPa5,24 (feat. lil baby),money man,2020-08-21,2020-09-18,172
0tbjiOUl4k492KPdWZS9sy,7 summers,morgan wallen,2020-08-14,2020-09-18,175
4aZfvvgfoSfmSZpfwQYzC0,ihr hobby,bonez mc,2020-09-10,2020-09-18,183
6i7zAdNhzUN2k1HcrBxPHG,head shoulders knees & toes (feat. norma jean martine),ofenbach,2020-05-08,2020-09-18,184
3dYD57lRAUcMHufyqn9GcI,take me to church,hozier,2014-07-20,2020-09-18,189
5u1n1kITHCxxp8twBcZxWy,holy (feat. chance the rapper),justin bieber,2020-09-18,2020-09-25,4
7hxHWCCAIIxFLCzvDgnQHX,"lemonade (feat. gunna, don toliver & nav)",internet money,2020-08-28,2020-09-25,5
7e1VoRlNumuEkXlITMHKLE,me gusta (with cardi b & myke towers),anitta,2020-09-18,2020-09-25,38
5hvwx5i67IwnCkjl9VHkNv,diamonds,sam smith,2020-09-17,2020-09-25,42
1InCpEliLCkWHOBdXW7XSx,kings & queens,ava max,2020-09-18,2020-09-25,44
11EnQRgRMJwMAesfkB5pnu,se te nota (with guaynaa),lele pons,2020-09-02,2020-09-25,108
0AUvWawuP0ibk4SQ3sIZjk,daisy,ashnikko,2020-07-09,2020-09-25,136
4f2GB5ZC7vOUYPAg69N2Xw,september,"earth, wind & fire",2013-09-11,2020-09-25,148
7BO3y8lmogACezwHqZ1HTB,bxl zoo,damso,2020-09-17,2020-09-25,158
7yN9Qx1HtE4c1fhakBz8Ay,deux toiles de mer,damso,2020-09-17,2020-09-25,159
7dH9TPjTWQ60wOJkmYay8a,blastoff (feat. juice wrld & trippie redd),internet money,2020-08-28,2020-09-25,162
77Xwqkw7VrV8E5FCq9JhO8,dolly (with lil uzi vert),lil tecca,2020-09-18,2020-09-25,181
00ETaeHUQ6lops3oWU1Wrt,hot stuff,kygo,2020-09-18,2020-09-25,194
2ICse7t8MB60EFk6o9aUyw,who's laughing now,ava max,2020-09-18,2020-09-25,197
3tNE4i6TBqMdyTZxHDAn9B,sweet but psycho,ava max,2020-09-18,2020-09-25,200
4jVBIpuOiMj1crqd8LoCrJ,franchise (feat. young thug & m.i.a.),travis scott,2020-09-25,2020-10-02,14
7kDUspsoYfLkWnZR7qwHZl,my ex's best friend (with blackbear),machine gun kelly,2020-09-25,2020-10-02,39
1dLXLETYiZohIZWnse4ypG,better,zayn,2020-09-25,2020-10-02,49
73nAK3HgQK8dak83Y2WQ8F,vida de rico,camilo,2020-09-21,2020-10-02,50
1VSuFS7PahCN3SWbOcQ98m,forget me too (feat. halsey),machine gun kelly,2020-09-25,2020-10-02,59
6Vgtvd7I5yopJdBuxqjBd2,your man,joji,2020-09-24,2020-10-02,77
5jSBnH9NyaNP5zdSB3pwgu,gimme love,joji,2020-09-24,2020-10-02,83
3Nc86B5XmDlG1KuEeSLD8x,ew,joji,2020-09-24,2020-10-02,97
0ofHAoxe9vBkTCp2UQIavz,dreams - 2004 remaster,fleetwood mac,1977-02-04,2020-10-02,98
170DNUSnQRp1tGpppF26pA,epidemic,polo g,2020-09-25,2020-10-02,116
6mADjHs6FXdroPzEGW6KVJ,bloody valentine,machine gun kelly,2020-09-25,2020-10-02,123
5BibcbKVdZUuTttSG02JTp,modus,joji,2020-09-24,2020-10-02,126
2Imn5iTu2xD3gXCqpBqubu,tick tock,joji,2020-09-24,2020-10-02,145
5F1ZmucV0uJY14y2dYKePa,sanctuary,joji,2020-09-24,2020-10-02,151
1zmgEIHE0eXH0IhBGuoTkP,run,joji,2020-09-24,2020-10-02,158
0f1G5SHFoFC9lO03gHCGVS,pretty boy (feat. lil yachty),joji,2020-09-25,2020-10-02,171
1ggYjU6zdFHgANcku82boU,afterthought,joji,2020-09-24,2020-10-02,177
3k0YJnqMKRZb8swo86vCkq,drunk face,machine gun kelly,2020-09-25,2020-10-02,188
4Ws314Ylb27BVsvlZOy30C,lovesick girls,blackpink,2020-10-02,2020-10-09,6
7iAgNZdotu40NwtoIWJHFe,bet you wanna (feat. cardi b),blackpink,2020-10-02,2020-10-09,11
5KCbr5ndeby4y4ggthdiAb,wonder,shawn mendes,2020-10-02,2020-10-09,12
4JUPEh2DVSXFGExu4Uxevz,ice cream (with selena gomez),blackpink,2020-10-02,2020-10-09,15
1XnpzbOGptRwfJhZgLbmSr,pretty savage,blackpink,2020-10-02,2020-10-09,22
4SFknyjLcyTLJFPKD2m96o,how you like that,blackpink,2020-10-02,2020-10-09,23
5SWnsxjhdcEDc7LJjq9UHk,runnin,21 savage,2020-10-02,2020-10-09,24
4Q34FP1AT7GEl9oLgNtiWj,mr. right now (feat. drake),21 savage,2020-10-02,2020-10-09,25
7qq0EOPW4RRlqdvMBmdd73,crazy over you,blackpink,2020-10-02,2020-10-09,32
7iKDsPfLT0d5mu2htfMKBZ,love to hate me,blackpink,2020-10-02,2020-10-09,35
4TgxFMOn5yoESW6zCidCXL,savage love (laxed – siren beat) [bts remix],jawsh 685,2020-10-02,2020-10-09,41
39kzWAiVPpycdMpr745oPj,you never know,blackpink,2020-10-02,2020-10-09,46
6pcywuOeGGWeOQzdUyti6k,glock in my lap,21 savage,2020-10-02,2020-10-09,53
3ruoIF2UnoXdzK8mR61ebq,rich nigga shit (feat. young thug),21 savage,2020-10-02,2020-10-09,65
3CDVMejYHnB1SkEEx0T1N4,many men,21 savage,2020-10-02,2020-10-09,68
7fxSLnklnayJNBIKntXedZ,slidin,21 savage,2020-10-02,2020-10-09,77
4SCnCPOUOUXUmCX2uHb3r7,outta time (feat. drake),bryson tiller,2020-10-02,2020-10-09,84
42Tohunwlh34o0mgxYx5iq,my dawg,21 savage,2020-10-02,2020-10-09,131
7B3z0ySL9Rr0XvZEAjWZzM,sofia,clairo,2019-08-02,2020-10-09,133
3WaDoMDQRqDdgtCDLxanpN,snitches & rats (feat. young nudy),21 savage,2020-10-02,2020-10-09,138
4V9ynsDPwHtdItksqjuRu0,brand new draco,21 savage,2020-10-02,2020-10-09,139
463CkQjx2Zk1yXoBuierM9,levitating (feat. dababy),dua lipa,2020-10-01,2020-10-09,141
5i7ThJfYLAzp2DyZuFpF6j,heart of glass (live from the iheart festival),miley cyrus,2020-09-29,2020-10-09,151
5sBplhIrmzA4kQGyIOpmDf,lemonade (feat. roddy ricch & don toliver) [remix],internet money,2020-09-30,2020-10-09,153
50I7FNN2rl2rWiNwGxS146,no opp left behind,21 savage,2020-10-02,2020-10-09,179
1wGnp7ejkCuXRsehXx0PNP,rip luv,21 savage,2020-10-02,2020-10-09,190
2bgcUk2A3jjKbCJ7KPquTi,mi niña,wisin,2020-09-23,2020-10-09,193
7FtZFla3ZH6PqsAJ9MvVCM,steppin on niggas,21 savage,2020-10-02,2020-10-09,197
5E30LdtzQTGqRvNd7l6kG5,daddy issues,the neighbourhood,2015-10-30,2020-10-09,198
1Slwb6dOYkBlWal1PGtnNg,thinking out loud,ed sheeran,,2020-10-09,199
6OqrJqDMu15AGJHJazg9Nr,levitating (feat. dababy),dua lipa,2020-03-27,2020-10-16,74
2fTdRdN73RgIgcUZN33dvt,"baby, i'm jealous (feat. doja cat)",bebe rexha,2020-10-09,2020-10-16,109
7ndTONDDRFGiPnnhOzOXxq,la nota,manuel turizo,2020-10-08,2020-10-16,129
6YzQOngfcV0W9F8UOTnEEK,bande organisée,13 organisé,2020-10-09,2020-10-16,135
2JSmxLqt8h7ZpJJkfuLJvK,stunnin' (feat. harm franklin),curtis waters,2020-10-09,2020-10-16,144
71FrGl0XcpL3VId65tB5mg,recairei - ao vivo,os barões da pisadinha,2020-04-17,2020-10-16,159
60a0Rd6pjrkxjPbaKzXjfq,in the end,linkin park,2000-10-24,2020-10-16,176
5qqabIl2vWzo9ApSC317sa,wonderwall - remastered,oasis,1995-10-02,2020-10-16,194
4y4spB9m0Q6026KfkAvy9Q,lonely (with benny blanco),justin bieber,2020-10-16,2020-10-23,11
6HlE9t71z9DjGi7KqSyEpA,deep end,fousheé,2020-07-31,2020-10-23,89
55Am8neGJkdj2ADaM3aw5H,train wreck,james arthur,2016-10-28,2020-10-23,112
4Gt2kh3QbAGU6yquOWn4aW,fake,lauv,2020-10-13,2020-10-23,137
2JTir3y1VuJQmexiTCMcTP,recairei - ao vivo,os barões da pisadinha,2020-10-15,2020-10-23,161
3QGppKBPd9gHOgHJzRbVIw,hate the way (feat. blackbear),g-eazy,2020-10-16,2020-10-23,165
3ThrfRAmijYU098H9q9tAs,enchule,rauw alejandro,2020-09-18,2020-10-23,173
4HvE2E9rXJDcQhE4YfeNuG,let me love you like a woman,lana del rey,2020-10-16,2020-10-23,192
7igeByaBM0MgGsgXtNxDJ7,positions,ariana grande,2020-10-23,2020-10-30,1
6IBcOGPsniK3Pso1wHIhew,forever after all,luke combs,2020-10-23,2020-10-30,29
5IUtvfNvOyVYZUa6AJFrnP,spicy (feat. post malone),ty dolla $ign,2020-10-23,2020-10-30,52
4DuUwzP4ALMqpquHU0ltAB,tyler herro,jack harlow,2020-10-22,2020-10-30,62
5psEZhQu6lukjhavJo4AbC,so done,the kid laroi,2020-10-23,2020-10-30,74
45S5WTQEGOB1VHr1Q4FuPl,golden,harry styles,2019-12-13,2020-10-30,86
3pJa2fy3VW7Uxrzzz0k1A7,angeklagt,bonez mc,2020-10-22,2020-10-30,91
21N4Buj4xsyLb218lYle61,chica ideal,sebastian yatra,2020-10-16,2020-10-30,125
28xX6K8LnkZve4RiuEB3iK,sweet melody,little mix,2020-10-23,2020-10-30,126
7vrJn5hDSXRmdXoR30KgF1,bichota,karol g,2020-10-23,2020-10-30,128
3apeXzypBMnUfYcZYNX6DH,i can't stop me,twice,2020-10-26,2020-10-30,141
6sI8Q7TTJeA9exw6hxEqq3,blueberry eyes (feat. suga of bts),max,2020-09-18,2020-10-30,144
4K8cyoCDovlc4FvtUr2Hfx,nada,cali y el dandee,2020-08-14,2020-10-30,163
1RSzyxqtIO4yX3EyiV4zT5,whoopty,cj,2020-08-20,2020-10-30,168
6Juv5N0dNU1imms9c9u1dA,papi chulo,octavian,2020-03-13,2020-10-30,176
7bCfHiRcfUjG0YVVNUL7Ve,e-girls are ruining my life!,corpse,2020-09-25,2020-10-30,179
2gam98EZKrF9XuOkU13ApN,promiscuous,nelly furtado,2006-01-01,2020-10-30,184
7o4gBbTM6UBLkOYPw9xMCz,moonwalking in calabasas (feat. blueface) - remix,ddg,2020-09-11,2020-10-30,195
4kflIGfjdZJW4ot2ioixTB,someone like you,adele,2011-01-19,2020-10-30,197
35mvY5S1H3J2QZyna3TFe0,positions,ariana grande,2020-10-30,2020-11-06,1
47EiUVwUp4C9fGccaPuUCS,dákiti,bad bunny,2020-10-30,2020-11-06,2
6Im9k8u9iIzKMrmV7BWtlF,34+35,ariana grande,2020-10-30,2020-11-06,5
5GkQIP5mWPi4KZLLXeuFTT,motive (with doja cat),ariana grande,2020-10-30,2020-11-06,14
7E1jVNoWuemqUryI4FxsVD,off the table (with the weeknd),ariana grande,2020-10-30,2020-11-06,20
3UoULw70kMsiVXxW0L3A33,pov,ariana grande,2020-10-30,2020-11-06,23
7Dx9Z6Aon1qPS2N0rHSWTe,just like magic,ariana grande,2020-10-30,2020-11-06,25
3ko9jEHNt4O5fjKN65ULJp,shut up,ariana grande,2020-10-30,2020-11-06,31
14gkWVFMwdxBMyqBw1wmIg,safety net (feat. ty dolla $ign),ariana grande,2020-10-30,2020-11-06,38
0sci7ppTZFm4mjcH3nu8yO,nasty,ariana grande,2020-10-30,2020-11-06,42
6u7gmPOz7pzzaeR9xSBpsR,my hair,ariana grande,2020-10-30,2020-11-06,49
2IKJtXeR5UsaUjZB46fTOK,six thirty,ariana grande,2020-10-30,2020-11-06,51
0q85C1JiECyYIQthz1posA,obvious,ariana grande,2020-10-30,2020-11-06,59
1hJIbOjWpid6LtnozHmzRS,diamonds,sam smith,2020-10-30,2020-11-06,62
6NYtLvyThMT0oALFdJFdzq,love language,ariana grande,2020-10-30,2020-11-06,65
1whfVLMKWqAX3uk97VXsNN,west side,ariana grande,2020-10-30,2020-11-06,66
6juLaduD4STCUDWT0AYun4,more,k/da,2020-10-28,2020-11-06,74
3F1P0QzdXtBz0MXy7KIO5w,fever,dua lipa,2020-03-27,2020-11-06,81
7r9ZhitdQBONTFOiJW5mr8,reloj,rauw alejandro,2020-10-22,2020-11-06,105
3S2R0EVwBSAVMd5UMgKTL0,thriller,michael jackson,1982-11-30,2020-11-06,146
3xgT3xIlFGqZjYW9QlhJWp,dancing with a stranger (with normani),sam smith,2020-10-30,2020-11-06,167
5FLkxbVtsn88ejcLR62L4T,angeklagt,bonez mc,2020-10-29,2020-11-06,168
6ft4hAq6yde8jPZY2i5zLr,paradise (feat. dermot kennedy),meduza,2020-10-30,2020-11-06,169
6f3Slt0GbA2bPZlz0aIFXN,the business,tiësto,2020-09-16,2020-11-06,174
1ABS9lKaZ1uXkXCqr9zFO7,kids again,sam smith,2020-10-30,2020-11-06,176
2zYzyRzz6pRmhPzyfMEC8s,highway to hell,ac/dc,1979-07-27,2020-11-06,179
0ri0Han4IRJhzvERHOZTMr,at my worst,pink sweat$,2020-07-17,2020-11-06,196
0GzuHFG4Ql6DoyxFRnIk3F,hawái - remix,maluma,2020-11-05,2020-11-13,17
5nujrmhLynf4yMoMtj8AQF,levitating (feat. dababy),dua lipa,2020-03-27,2020-11-13,27
6FuGJB290AQMAHTfjOYVaK,"mood (remix) feat. justin bieber, j balvin & iann dior",24kgoldn,2020-11-06,2020-11-13,35
0XinBYhf1X3kdvKQHOX971,tú me dejaste de querer,c. tangana,2020-11-05,2020-11-13,42
3qgPpwtuRu5oP8EtFSj8HE,so done,the kid laroi,2020-11-06,2020-11-13,46
5zj8WNkBrEzlI5FKeYV4ol,la luz,sech,2020-10-31,2020-11-13,65
5vGLcdRuSbUhD8ScwsGSdA,whoopty,cj,2020-08-20,2020-11-13,98
76Tuo484SLohJakHLnGI3B,sweet melody,little mix,2020-11-06,2020-11-13,124
3QCU8BT0zDS9LPVfEhRFEE,always do,the kid laroi,2020-11-06,2020-11-13,140
2FRnf9qhLbvw8fu4IBXx78,last christmas,wham!,1984-11-29,2020-11-13,158
13EW51DKru044OJDJ9Bm8o,tragic (feat. youngboy never broke again & internet money),the kid laroi,2020-11-06,2020-11-13,168
54bFM56PmE4YLRnqpW6Tha,therefore i am,billie eilish,2020-11-12,2020-11-20,2
6zFMeegAMYQo0mt8rXtrli,holiday,lil nas x,2020-11-13,2020-11-20,52
4loQgPwJHocL3dFwLfjb1J,reloj,rauw alejandro,2020-11-13,2020-11-20,62
4G3PTss3mU33Tau7t4KbwE,tattoo - remix with camilo,rauw alejandro,2020-11-13,2020-11-20,63
0k7wmahjkn389wAZdz19Cv,drankin n smokin,future,2020-11-13,2020-11-20,95
0lizgQ7Qw35od7CYaoMBZb,santa tell me,ariana grande,2014-11-24,2020-11-20,101
22Sh5dlwbERqJAq1fZk5b2,de cora <3,rauw alejandro,2020-11-13,2020-11-20,116
0lLdorYw7lVrJydTINhWdI,it's beginning to look a lot like christmas,michael bublé,2011-10-14,2020-11-20,117
2EjXfH91m7f8HiJN1yQg97,rockin' around the christmas tree,brenda lee,1964-10-19,2020-11-20,120
3hBXvHLlTHvnbwrPbeoyAj,jingle bell rock,bobby helms,1992-01-01,2020-11-20,126
0S9ZVNTNRzLMgb96tmmG1u,enchule,rauw alejandro,2020-11-13,2020-11-20,146
1IcR6RlgvDczfvoWJSSY2A,it's the most wonderful time of the year,andy williams,,2020-11-20,149
6lt8iodSkYWEV0ifKCSlfg,stripes like burberry,future,2020-11-13,2020-11-20,153
5n6gBhdEjCuj3obgCoTEFD,that’s it,future,2020-11-13,2020-11-20,168
20McUFi8KCIVdNDLrkTDuZ,goosebumps,hvme,2020-06-12,2020-11-20,179
3AJwUDP919kvQ9QcozQPxg,yellow,coldplay,2000-07-10,2020-11-20,183
3nAp4IvdMPPWEH9uuXFFV5,underneath the tree,kelly clarkson,2013-10-25,2020-11-20,187
4saklk6nie3yiGePpBwUoc,dynamite,bts,2020-11-20,2020-11-27,2
249gnXrbfmV8NG6jTEMSwD,life goes on,bts,2020-11-20,2020-11-27,4
2Z8yfpFX0ZMavHkcIeHiO1,monster (shawn mendes & justin bieber),shawn mendes,2020-11-20,2020-11-27,7
5JqZ3oqF00jkT81foAFvqg,prisoner (feat. dua lipa),miley cyrus,2020-11-20,2020-11-27,11
3QH8rQGNFX8VLbCgZ7uPTS,fly to my room,bts,2020-11-20,2020-11-27,16
0n2moJpAEWHwaPYYjkzMDl,blue & grey,bts,2020-11-20,2020-11-27,18
2FVpOsjT1iquZ3SpCjZ9Ne,telepathy,bts,2020-11-20,2020-11-27,24
54DmTIv86D3sYdiawjULQ0,dis-ease,bts,2020-11-20,2020-11-27,26
3ndCsZfq8OVwwkz9mmZvUz,stay,bts,2020-11-20,2020-11-27,27
5f5tMrP3ZZbNtiLIHKOQLS,roses - imanbek remix,saint jhn,2020-11-20,2020-11-27,57
7vQbuQcyTflfCIOu3Uzzya,jingle bell rock,bobby helms,1957-12-02,2020-11-27,63
4GVwjLRT7oSsKby7Vy8EHr,skit,bts,2020-11-20,2020-11-27,78
4L5ZhW0VJeQ6je2iqvqZ4X,baby (with j balvin),sfera ebbasta,2020-11-20,2020-11-27,105
7xapw9Oy21WpfEcib2ErSA,mistletoe,justin bieber,2011-01-01,2020-11-27,109
0A1hoCfMLkiAgvhWkkucJa,body,megan thee stallion,2020-11-20,2020-11-27,118
0SErdEdRcVX1uJCf1eTGYH,somebody’s problem,morgan wallen,2020-11-20,2020-11-27,124
2uFaJJtFpPDc5Pa95XzTvg,let it snow! let it snow! let it snow!,dean martin,1959-01-01,2020-11-27,128
4jcxBTrNvyqMJdMDyyjdYV,dime cómo quieres,christian nodal,2020-11-13,2020-11-27,139
46UMwpkxyIwzqhsaONm4wf,sleigh ride,the ronettes,2019-11-09,2020-11-27,143
7taXf5odg9xCAZERYfyOkS,feliz navidad,josé feliciano,2001-09-03,2020-11-27,148
68mrW6gXHgupgSiDHgaDi5,polvo,nicky jam,2020-11-20,2020-11-27,153
6tjituizSxwSmBB5vtgHZE,holly jolly christmas,michael bublé,2011-10-14,2020-11-27,155
4kKdvXD0ez7jp1296JmAts,let it snow! let it snow! let it snow! (with the b. swanson quartet),frank sinatra,1994-11-08,2020-11-27,158
11jGgkrtDbYaKlN0y1nPbC,tik tok (feat. marracash & guè pequeno),sfera ebbasta,2020-11-20,2020-11-27,162
7a53HqqArd4b9NF4XAmlbI,kings & queens,ava max,2020-09-18,2020-11-27,167
0247StOpd3AkeBQzANX4Zf,do they know it's christmas? - 1984 version,band aid,2004-01-01,2020-11-27,169
0lSVjlxmAMSJGFSjVB1FtU,abracadabra (feat. future),sfera ebbasta,2020-11-20,2020-11-27,174
4rHZZAmHpZrA3iH5zx8frV,mirrors,justin timberlake,2013-03-15,2020-11-27,188
7Lbxvt42JsNSKVCaN63qhD,wonderful christmastime [edited version] - remastered 2011 / edited version,paul mccartney,1980-05-16,2020-11-27,190
4CvW0iHAs7yJhbpnJ3NSnS,hollywood (feat. diplo),sfera ebbasta,2020-11-20,2020-11-27,192
27qAMKrDdKEs8HDXcvR24R,driving home for christmas - 2019 remaster,chris rea,1987-08-02,2020-11-27,198
4MzXwWMhyBbmu6hOcLVD49,dákiti,bad bunny,2020-11-27,2020-12-04,1
2XIc1pqjXV3Cr2BQUGNBck,la noche de anoche,bad bunny,2020-11-27,2020-12-04,2
5RubKOuDoPn5Kj5TLVxSxY,te mudaste,bad bunny,2020-11-27,2020-12-04,12
2Oycxb8QbPkpHTo8ZrmG0B,prisoner (feat. dua lipa),miley cyrus,2020-11-27,2020-12-04,16
5fROvzNghPid8mbKNDYvpJ,yo visto así,bad bunny,2020-11-27,2020-12-04,17
26QApq0cuO9brJigr0C0W4,haciendo que me amas,bad bunny,2020-11-27,2020-12-04,21
23XjN1s3DZC8Q9ZwuorYY4,te deseo lo mejor,bad bunny,2020-11-27,2020-12-04,29
26w9NTiE9NGjW1ZvIOd1So,booker t,bad bunny,2020-11-27,2020-12-04,33
0tjZv2hChdHZCW1zFXpy1J,hoy cobré,bad bunny,2020-11-27,2020-12-04,41
67ACYA3UI6QMNtHX6b34wX,la droga,bad bunny,2020-11-27,2020-12-04,43
0Lsis3LB0XAK6XlTHXaJk2,maldita pobreza,bad bunny,2020-11-27,2020-12-04,44
36DHxTW2xdr9GG15T9oK9L,el mundo es mío,bad bunny,2020-11-27,2020-12-04,48
7kjEqI6eZ7YlFrGhxixnlN,antes que se acabe,bad bunny,2020-11-27,2020-12-04,53
4i2qxFEVVUi8yOYoxB8TCX,midnight sky,miley cyrus,2020-11-27,2020-12-04,54
5jZ32WOU7sqzDYbzINwMUk,sorry papi,bad bunny,2020-11-27,2020-12-04,59
0zLCBJZSiELJf02ucPP9wb,roses - imanbek remix,saint jhn,2020-11-20,2020-12-04,60
3qCeq0rWK67SoBDgFd2sId,feliz navidad,josé feliciano,,2020-12-04,62
3KJ3opyV29269SXkPrc19l,120,bad bunny,2020-11-27,2020-12-04,63
09WAnxdBuebQopKhJT3oZS,trellas,bad bunny,2020-11-27,2020-12-04,66
1daDRI9ahBonbWD8YcxOIB,angels like you,miley cyrus,2020-11-27,2020-12-04,86
27RYrbL6S02LNVhDWVl38b,happy xmas (war is over) - remastered 2010,john lennon,2010-10-05,2020-12-04,101
2TE4xW3ImvpltVU0cPcKUn,merry christmas everyone,shakin' stevens,1991-11-25,2020-12-04,133
4PS1e8f2LvuTFgUs1Cn3ON,the christmas song (merry christmas to you),nat king cole,,2020-12-04,135
77khP2fIVhSW23NwxrRluh,a holly jolly christmas - single version,burl ives,1965-10-01,2020-12-04,151
4so0Wek9Ig1p6CRCHuINwW,white christmas,bing crosby,1942-01-01,2020-12-04,152
3VvA1wSxukMLsvXoXtlwWx,hecha pa' mi,boza,2020-07-31,2020-12-04,155
5GK1GYXH16RdfmltogHhAk,heart of glass (live from the iheart festival),miley cyrus,2020-11-27,2020-12-04,165
2Iv6YBslkxslMJQsxshZh5,cantares de navidad,trio vegabajeño,2020-11-27,2020-12-04,171
6qCsKKS7Ol63SJW3LOIX5R,plastic hearts,miley cyrus,2020-11-27,2020-12-04,172
7lgA34nFXxjqQgyLkPUcLv,jenny (i wanna ruin our friendship),studio killers,2013-06-04,2020-12-04,180
3VTNVsTTu05dmTsVFrmGpK,fairytale of new york (feat. kirsty maccoll),the pogues,1988-09-05,2020-12-04,181
5Q2P43CJra0uRAogjHyJDK,"baby, it's cold outside (feat. meghan trainor)",brett eldredge,2016-10-28,2020-12-04,182
2pXpURmn6zC5ZYDMms6fwa,it's beginning to look a lot like christmas (with mitchell ayres & his orchestra),perry como,1999-08-20,2020-12-04,184
3lCbsHaN1wCxyDzcNN2x4N,si me tomo una cerveza,migrantes,2020-11-07,2020-12-04,195
1HbA4N1MiOsPthALesGFR1,monster (shawn mendes & justin bieber),shawn mendes,2020-12-04,2020-12-11,14
7fUYUcWy853HS8YJn0b3Sr,sleigh ride,the ronettes,2020-12-04,2020-12-11,37
6ZuahEctZD6w75peme58hm,wonder,shawn mendes,2020-12-04,2020-12-11,38
27OeeYzk6klgBh83TSvGMA,without you,the kid laroi,2020-11-06,2020-12-11,40
1SV1fxF65n9NhRHp3KlBuu,wonderful christmastime - edited version / remastered 2011,paul mccartney,1980-05-16,2020-12-11,52
3uVPLtkmDu8pDkYEAVqbgS,real shit (with benny blanco),juice wrld,2020-12-02,2020-12-11,74
5LZtB6nxvjIhUoElp3Zqk0,teach me how to love,shawn mendes,2020-12-04,2020-12-11,104
7MXgrcOQAJ5VwSNUL0lDd3,blinding lights (with rosalía) - remix,the weeknd,2020-12-04,2020-12-11,138
7D7EH7MGyNHWSkqrszerI1,bebé,camilo,2020-11-25,2020-12-11,143
6a1hzBiTkgqTsDA0Xgfh9z,santa claus is coming to town,the jackson 5,1970-01-01,2020-12-11,149
2SBr3MK1sdMs8IxdRcN6qz,santa baby,kylie minogue,2015-11-13,2020-12-11,160
3QiAAp20rPC3dcAtKtMaqQ,blue christmas,elvis presley,1957-10-15,2020-12-11,165
6eVxH9Kyanzrw636zJRPcw,errbody,lil baby,2020-12-03,2020-12-11,167
6sBWmE23q6xQHlnEZ8jYPT,step into christmas,elton john,1973-10-05,2020-12-11,170
1Qi2wh8fFgDV7tl4Sj3f2K,have yourself a merry little christmas,sam smith,2014-12-05,2020-12-11,171
47ohYW8e7dxCYn9qbUMBCI,christmas (baby please come home),darlene love,2020-12-04,2020-12-11,172
78SeXVRJ7KCqVmOwTiFjnI,"nathy peluso: bzrp music sessions, vol. 36",bizarrap,2020-11-27,2020-12-11,175
6pVW5LRWgeLaHudxauOTJU,jingle bell rock - daryl's version,daryl hall & john oates,1983-11-01,2020-12-11,176
2pnPe4pJtq7689i5ydzvJJ,run rudolph run - single version,chuck berry,1986-01-01,2020-12-11,181
4fzyvSu73BhGvi96p2zwjL,christmas lights,coldplay,2010-12-01,2020-12-11,185
1OjmlSFuzYflWjSMTCyTJv,like it's christmas,jonas brothers,2019-11-08,2020-12-11,188
2tI4WyzqOOwC23S5m0kqcB,at my worst,pink sweat$,2020-12-04,2020-12-11,189
3PIDciSFdrQxSQSihim3hN,christmas (baby please come home),mariah carey,1994-10-28,2020-12-11,198
0YWUHZPJVg4iujddsJDwhM,my only wish (this year),britney spears,2000-11-14,2020-12-11,200
3Uo7WG0vmLQ07WB4BDwy7D,willow,taylor swift,2020-12-10,2020-12-18,3
0sY6ZUTh4yoctD8VIXz339,champagne problems,taylor swift,2020-12-11,2020-12-18,10
6NriykdkRrjQMZo1sfVYUo,"no body, no crime (feat. haim)",taylor swift,2020-12-10,2020-12-18,15
5BK0uqwY9DNfZ630STAEaq,gold rush,taylor swift,2020-12-11,2020-12-18,19
4GBkffrtA51p17JH35irGA,‘tis the damn season,taylor swift,2020-12-10,2020-12-18,22
0PurA4JVJ8YQgSVopY8fn6,tolerate it,taylor swift,2020-12-11,2020-12-18,24
73YUReisjb3A9ActdLLjJQ,happiness,taylor swift,2020-12-11,2020-12-18,28
19CSr8rwW05VJL2F91KFNK,ivy,taylor swift,2020-12-11,2020-12-18,34
3w9VRlKPvNxj40RdUGRweH,dorothea,taylor swift,2020-12-10,2020-12-18,38
4tyX1rw9X309WkEdh2As4B,coney island (feat. the national),taylor swift,2020-12-10,2020-12-18,39
0AaV4MJrgmLV3XhoiWXjjb,evermore (feat. bon iver),taylor swift,2020-12-10,2020-12-18,43
0vVMlbdYx2080Oa9FndPZr,long story short,taylor swift,2020-12-10,2020-12-18,45
30KctD1WsHKTIYczXjip5a,tequila shots,kid cudi,2020-12-11,2020-12-18,49
1XjHRolIXL2M1EEOUsGGR4,cowboy like me,taylor swift,2020-12-11,2020-12-18,53
5CFJRZRq6sdKKtRwNPWbYv,show out (with skepta & pop smoke),kid cudi,2020-12-11,2020-12-18,54
7vBNFh3NIZTj6tB5s1IBjE,marjorie,taylor swift,2020-12-10,2020-12-18,57
3uayvzcbqFydIbgUeC6EJh,closure,taylor swift,2020-12-10,2020-12-18,70
5YSHygGN9D0mID1NsVd5my,reminds me of you,juice wrld,2020-12-08,2020-12-18,73
1xzUQMiCoY5pdego0pHMeV,she knows this,kid cudi,2020-12-11,2020-12-18,74
7uoFMmxln0GPXQ0AcCBXRq,snowman,sia,2018-11-01,2020-12-18,76
6myUpr3GDR80Dg3zqNTmmG,another day,kid cudi,2020-12-11,2020-12-18,97
3w1WjD2zJqjBjDz5fwqQPJ,tyler herro,jack harlow,2020-12-11,2020-12-18,106
57VeLYXrvNxe8Vs18K2M9W,way out (feat. big sean),jack harlow,2020-12-11,2020-12-18,121
27oVCAziETRbNuo5A8LNpg,"solo dolo, pt. iii",kid cudi,2020-12-11,2020-12-18,126
7Hc3YL8oDiAzbiAW32KXrw,dive,kid cudi,2020-12-11,2020-12-18,129
2koUj1Fn5TKFEkChSmBPIb,heaven on earth,kid cudi,2020-12-11,2020-12-18,139
4nuAslShoN77tq12fzwjUq,sad people,kid cudi,2020-12-11,2020-12-18,147
0ZLuW8uOXdFNWcI40C0OC2,"whats poppin (feat. dababy, tory lanez & lil wayne) [remix] - bonus track",jack harlow,2020-12-11,2020-12-18,150
2n7Ao4nyESBa5ti8gcAbBt,damaged,kid cudi,2020-12-11,2020-12-18,152
4IIuCotvqijraSdnVLaFnM,beautiful trip,kid cudi,2020-12-11,2020-12-18,183
2yg7MXp8nSPaf61HVkhEr3,the void,kid cudi,2020-12-11,2020-12-18,185
2xGO2UjzxeVQSIkyg98vck,thank god it's christmas - non-album single,queen,1984-02-27,2020-12-25,73
1N1ZpYUJc9fwrqk53FGgWv,santa's coming for us,sia,2018-11-01,2020-12-25,85
1QLZKzC2pjP4ySf4ALrNhm,christmas without you,ava max,2020-10-15,2020-12-25,102
2OQ6a4CfUeYskpTTgyawyJ,you make it feel like christmas (feat. blake shelton),gwen stefani,2017-10-06,2020-12-25,104
6cS9PmLky2NhLOhpIsUlow,gnat,eminem,2020-12-18,2020-12-25,107
1VuAamHM7P3VQQEXYGG3Uu,joy to the world,nat king cole,,2020-12-25,111
5Ber68jZ7ytegr2UISEdb7,santa claus is coming to town,michael bublé,2011-10-14,2020-12-25,117
0Ie5uiv54KgCr7P4sYDTHl,baby it's cold outside (duet with michael bublé),idina menzel,2014-10-10,2020-12-25,119
3lkYS3iMpWMVpaJ0yJAFrJ,i saw mommy kissing santa claus,the jackson 5,1970-01-01,2020-12-25,123
1foCxQtxBweJtZmdxhEHVO,santa baby (with henri rené & his orchestra),eartha kitt,,2020-12-25,126
4tHqQMWSqmL6YjXwsqthDI,carol of the bells,mykola dmytrovych leontovych,,2020-12-25,127
2vBET2pmrQqafaS6zIaYta,girl like me,black eyed peas,2020-06-18,2020-12-25,128
6YJdPrH3i2POzu7hdHIRrb,santa baby,ariana grande,2013-01-01,2020-12-25,131
3h1EREJfCwyv6cG7CGak5d,what christmas means to me,stevie wonder,1967-11-01,2020-12-25,133
0E4Y1XIbs8GrAT1YqVy6dq,afterglow,ed sheeran,2020-12-21,2020-12-25,137
66VenHDtrQAw7FCjyF2J56,the christmas song (shawn mendes & camila cabello),shawn mendes,2020-12-05,2020-12-25,140
1xK1Gg9SxG8fy2Ya373oqb,bandido,myke towers,2020-12-10,2020-12-25,143
4MrfQL4TYQXJBlZYpAHTuE,"baby, it's cold outside",dean martin,1959-01-01,2020-12-25,144
6s2wpWPFPAgKg2LXxi1Oee,"santa claus is comin' to town - live at c.w. post college, greenvale, ny - december 1975",bruce springsteen,,2020-12-25,145
78pn8k7RogKo2oxl0DyX6d,one more sleep,leona lewis,2013-12-02,2020-12-25,147
5xlS0QkVrSH7ssEbBgBzbM,little saint nick - 1991 remix,the beach boys,1964-11-09,2020-12-25,149
2Y0ktCGrGoGcQFXsGztvhi,naughty list (with dixie d’amelio),liam payne,2020-10-30,2020-12-25,150
0lTurWECr2XL607eJAj1A3,i'll be home,meghan trainor,2015-01-09,2020-12-25,152
2L9QLAhrvtP4EYg1lY0Tnw,rudolph the red-nosed reindeer,dean martin,1959-01-01,2020-12-25,156
7faDzZnZYqTyYThx2sbHVQ,mistletoe and holly - remastered 1999,frank sinatra,,2020-12-25,157
4HEOgBHRCExyYVeTyrXsnL,jingle bells - remastered 1999,frank sinatra,,2020-12-25,159
2VkuxjlbnbaBiWYpdBGVol,oh santa! (feat. ariana grande & jennifer hudson),mariah carey,2020-12-11,2020-12-25,160
35z5xJpu76nakf65i1BCMl,do you hear what i hear? - remastered 2006,bing crosby,2020-10-09,2020-12-25,161
550rQQCGkrTzvp4SfpOPzx,hallelujah,pentatonix,2016-10-21,2020-12-25,167
7MSYSOobsombc1mbDWFxtD,this christmas,donny hathaway,,2020-12-25,175
4ricyQVd20UQde1jpXCSuJ,winter wonderland,tony bennett,1968-11-06,2020-12-25,180
2mvabkN1i2gLnGAPUVdwek,christmas tree farm,taylor swift,2019-12-06,2020-12-25,181
02FaKXXL7KUtRc7K0k54tL,cozy little christmas,katy perry,2018-11-15,2020-12-25,182
15coTBAzEN1bOeipoNDZAR,"merry christmas, happy holidays",*nsync,1998-10-23,2020-12-25,184
3QIoEi8Enr9uHffwInGIsC,please come home for christmas - 2013 remaster,eagles,,2020-12-25,192
2rkb8ijsPapKDMEh0cSe8I,my kind of present,meghan trainor,2020-10-30,2020-12-25,197
