track_id,track_name,artist_name,release_date,popularity
1dIWPXMX4kRHj6Dt2DStUQ,chosen (feat. ty dolla $ign),blxst,2020-12-04,76
5mVeslUjgyVDBUB0bPJr6R,close up,prophet the artist,2020-11-11,50
3FAJ6O0NOHQV8Mc5Ri6ENp,heartbreak anniversary,giveon,2020-03-27,92
5GkQIP5mWPi4KZLLXeuFTT,motive (with doja cat),ariana grande,2020-10-30,82
0ZquDRUoxvC4QXHlBfRePZ,alo michael - rico rico rico rico,los dioses del ritmo,2020-05-30,35
611p4K8eh3YlDLVKIwvNcE,razor blade flow,mak sauce,2020-04-10,42
6FuGJB290AQMAHTfjOYVaK,"mood (remix) feat. justin bieber, j balvin & iann dior",24kgoldn,2020-11-06,80
1eDyjPYw65g3wvQ7xJLF5c,boo!,championxiii,2020-10-16,63
6AGOKlMZWLCaEJGnaROtF9,put your records on,ritt momney,2020-04-24,85
3FxPbp05KjMBa4HbhAJTH0,sugarcrash!,elyotto,2020-08-25,64
3ERrX3hRQKZSN0fLFqpFU4,rebel,zum,2020-09-11,43
3AMxuq6id3YGB57eWeheZQ,don't rush (feat. dababy),young t & bugsey,2020-06-12,74
0sci7ppTZFm4mjcH3nu8yO,nasty,ariana grande,2020-10-30,71
463CkQjx2Zk1yXoBuierM9,levitating (feat. dababy),dua lipa,2020-10-01,92
1YLulCkIocAKDTPFths9at,renai circulation (english cover) [tv size],lizz robinett,2020-08-13,68
7AzlLxHn24DxjgQX73F9fU,no idea,don toliver,2020-03-13,81
4g7ErSF4oImNnITtyiFowz,what you know bout love,pop smoke,2020-07-03,53
3jRHehB5ulTMKfK5WaqDqc,what’s new,megan thee stallion,2020-11-20,77
4QaEs6elipvDmcBVEVGrAH,got it all,blxst,2020-11-20,62
1bqznRnSH33ByJEFd3pH1i,my neck el pasecito challenge,dj jac,2020-03-27,44
1KVQBPyORdhfITlixROtvC,be happy,dixie,2020-06-26,69
5XMhppJhtgjkd2SYDklhR9,for me,chase b,2020-10-23,68
4nZhS4vsnO50wnSyMJraBj,upside down (feat. charlie puth),jvke,2020-10-30,59
66vFlr5V4khlxqc1y3a8OX,de yang gatal gatal sa - dj desa remix,aldo bz,2020-10-30,55
0BlMpKkDLOFPV78CubL8nn,ke cap gap ba gia tiktok - dj tiktokker remix,piupiu,2020-12-18,45
1EUXDG92IvGineenvVwpQk,tamo loco to,mark b.,2020-01-22,58
78xj07VVFK5uHTaGPIu13S,buss it,erica banks,2020-05-15,68
2Lm41VRnYjEK5ElbuQ9AA7,friendships (lost my love) - atb remix,pascal letoublon,2020-12-18,57
5Bnh2sJPeQCdpoZD4UKzsX,cry baby (feat. dababy),megan thee stallion,2020-11-19,44
3PiATJqr7LzZfhKT9B18Rk,adderall (corvette corvette),popp hunna,2020-10-15,43
1SGhreIdQO3v7z6SOgEEHC,vibe for me (bob for me),aqyila,2020-12-26,60
2QG9Os7lsmfWFkNtkM91mt,girl like me,black eyed peas,2020-06-18,47
4Lt6GXGzYsa1tgkv3nGSTm,love not war (the tampa beat),jason derulo,2020-11-20,83
6tDDoYIxWvMLTdKpjFkc1B,telepatía,kali uchis,2020-12-04,94
6NWdgyVsjp2bJ11PToXCr1,buss it,erica banks,2020-05-15,39
3WKnUucKHVcLvzISJC7Pri,karma,drinche,2020-11-02,38
4jY3GWEqlrTALvVE1j7VHI,aesthetic,xilo,2020-02-14,67
18V1UiYRvWYwn01CRDbbuR,home,edith whiskers,2020-11-13,71
2SP6w6HeCkiKRahSCCGVGu,ya tabtab,drinche,2020-08-16,27
7CCCX50zGHMTuHsyKQy03l,dancing in my room,347aidan,2020-10-26,11
4aarlAfLKVCTxUDNgbwhjH,cry baby (feat. dababy),megan thee stallion,2020-11-20,80
0kpdD6AqC6dU06Ce9IELXB,sahara,drinche,2020-02-19,24
589Lt4lVKxd1qXOrPaAHkB,cloud 9,beach bunny,2020-02-14,62
7FngYjFnEU6fRYWTZbwoq9,plastic,unghetto mathieu,2020-05-29,67
7L6G0wpIUiPXuvoo7qhb06,oops!,yung gravy,2020-10-02,76
4E7ZbuJH3NddjnMWLstkRq,i am (feat. flo milli),yung baby tate,2020-12-04,72
3aA6xB0tOilDDX17fIJ0Bl,freak,doja cat,2020-08-07,77
27OeeYzk6klgBh83TSvGMA,without you,the kid laroi,2020-11-06,91
5siesK1gYQObYkJvDKaYb9,hayati,drinche,2020-05-03,18
7zkA4TSmYO1Bko2PnFn0YB,steven universe,l.dre,2020-02-21,67
4JLBDUYSaOMPYND0iWeSWQ,jenny (i wanna ruin our friendship),studio killers,2020-12-04,75
7CFfqRW50ffULvBv7lfIIg,violent,carolesdaughter,2020-11-23,78
5tfZ1uYrArdbDqiZ7z1aCE,space girl,frances forever,2020-03-27,19
0ymn3NBfT1W2QW0d7U5kHS,hadal ahbek,issam alnajjar,2020-09-27,46
3aAmQOxRPeKDL0HMWFA5qn,adderall (corvette corvette),popp hunna,2020-10-15,72
1fah1uAs7HeTYDlNftKr3K,put your records on,ritt momney,2020-04-24,4
0A1hoCfMLkiAgvhWkkucJa,body,megan thee stallion,2020-11-20,82
3rchFjeKZ0bJxO7EEdM3S5,paparazzi,kim dracula,2020-12-11,77
2ViSWfhT0kvEulXA1HH7Wk,sugar daddy,qveen herby,2020-05-26,71
6FUYkl8t6gKFT59NpQWuhr,mix it,moneymarr,2020-12-18,46
5vznxflwW1N2Yu142Z2HQs,cap,t3,2020-12-15,43
3rlUxMDbs9DFZn0NaFO305,sneaky link,hxllywood,2020-12-25,73
6r3Wa1lkJVEuc67aZhwO61,with my hoe!,c2d,2020-09-11,73
6Mfh9o1FjAiA3gU5q21OD6,everyday,sofaygo,2020-12-17,68
5m0eMnsWwzgGsUxe1mhFYR,white tee (with no1-noah),summer walker,2020-07-10,75
7JuHVG3qQKQKxC4doneXVW,back in blood (feat. lil durk),pooh shiesty,2020-11-06,81
3YJJjQPAbDT7mGpX3WtQ9A,good days,sza,2020-12-25,89
7upI4eeUGFQWpHvFF36p2G,jelly,big homie ty.ni,2020-12-11,62
0yqbODoDTXfE3hIkX8Gvcm,knicks,cochise,2020-11-20,63
6DaqBwun59rgzYEQROTbRv,triple s,yn jay,2020-09-12,56
7dH9TPjTWQ60wOJkmYay8a,blastoff (feat. juice wrld & trippie redd),internet money,2020-08-28,69
2Y3USTCETS4xbjJOzT1Icm,adderall (corvette corvette) - remix,popp hunna,2020-12-18,70
1xqRKo0SDFDO5Jy8yEVD0X,rollin n controllin freestyle,dusty locane,2020-08-07,79
1ogvLGGpa958nRTH1W9p2v,opp stoppa,ybn nahmir,2020-11-25,53
6aHoPULNO7pSL2ZfUY0bU8,knock knock,sofaygo,2020-01-10,81
4Iedi94TIaB2GGb1nMB68v,on me,lil baby,2020-12-04,82
1yTLac7KPcaHVVVmAFJgIO,beat box 2,spotemgottem,2020-12-18,29
7srEG9v7czAVq8kUzoHVGG,i’m single,popp hunna,2020-01-17,39
2mmS3Rt0SGEVB055Qebgwq,did you know?,luh baam,2020-11-24,22
14PR0pjBtKExCbUILkfohl,jumpman 4's,comethazine,2020-10-23,60
0anUgBvnA4u5LsHUeLRprc,tic tac,future,2020-11-13,67
1OrQrfK32wHeBemMY5Heob,ptpom,mohead mike,2020-09-06,35
2993VQSr7a2Dj5hI5xcWG0,do it on the tip (feat. city girls & hot girl meg),megan thee stallion,2020-11-20,68
44CLbt11tp9ZTJaKBhfI7e,pickles on my big mac,bop king,2020-12-08,14
1Gv1NMcPtuevHW4N4bN0gA,no guidance ayzha nyree - slowed,moon oa,2020-09-09,41
6Im9k8u9iIzKMrmV7BWtlF,34+35,ariana grande,2020-10-30,88
6WbTTAGKrQtCQvmc5BuYfh,girls in the hood,megan thee stallion,2020-06-26,74
4lsHZ92XCFOQfzJFBTluk8,you got it,vedo,2020-03-27,78
5cHLlC1KPtSpHprTahwhsO,talk n bout (talm bout) [feat. lil jay],loui,2020-01-03,23
13VXVxePp4NUiXwtmQ0viz,said sum (feat. city girls & dababy) - remix,moneybagg yo,2020-09-18,69
3yv7994DWTEk3ihwy75YBQ,don’t stop (feat. young thug),megan thee stallion,2020-10-02,64
3UoULw70kMsiVXxW0L3A33,pov,ariana grande,2020-10-30,81
6mQlQMnduTOBlXQ9jHhdCP,facts,4lilpat3,2020-10-17,0
2E79dyG3vXolWuWiEXqNMX,coffin,lil yachty,2020-10-23,62
0PvFJmanyNQMseIFrU708S,for the night (feat. lil baby & dababy),pop smoke,2020-07-03,86
4Z5FyQlevoHoa5FsIVKZju,practice,dababy,2020-08-04,76
6hLZzCS4E7AWo3PRBWy6az,whole lotta choppas,sada baby,2020-08-14,65
6EDO9iiTtwNv6waLwa1UUq,popstar (feat. drake),dj khaled,2020-07-17,83
1tkg4EHVoqnhR6iFEXb60y,what you know bout love,pop smoke,2020-07-03,87
7Bar1kLTmsRmH6FCKKMEyU,hit different,sza,2020-09-04,77
31iqpzg1ZXLLgq0L5iIwLe,throat baby (go baby),brs kash,2020-07-24,63
2UM09BKxJ3NM8qNxzNSdXV,coochie,yn jay,2020-08-09,1
3tjFYV6RSFtuktYl3ZtYcq,mood (feat. iann dior),24kgoldn,2020-07-24,75
0YYNIGKgAk34vZkV2NySie,thick,dj chose,2020-07-10,64
1RSzyxqtIO4yX3EyiV4zT5,whoopty,cj,2020-08-20,34
2SAqBLGA283SUiwJ3xOUVI,laugh now cry later (feat. lil durk),drake,2020-08-14,86
3J0vtBWWTwKUzwgvQrR4yM,honesty - (jersey club remix),pink sweat$,2020-08-12,29
3VxOgQ9o1aKonFx4d5lPR3,canceled,larray,2020-10-18,63
0buOF1gvLBupoSZSaycYWD,garage room freestyle (reel it in),number9ok,2020-10-14,47
3YgeIbA0dOVSOClZKUUxzz,good morning,mak sauce,2020-02-21,49
3CwcGdFwFF3DfHGGppdI4X,muwop (feat. gucci mane),latto,2020-07-30,62
1N5fKC1qRLHjsdNy39DPF6,donk,pronto spazzout,2020-03-06,30
4yzCXVdOKzt87w4bRItgNx,hugh hefner,ppcocaine,2020-09-11,62
4Hpib09wXgD84w4uwTPnYD,tap in,saweetie,2020-06-17,76
1xQ6trAsedVPCdbtDAmk0c,savage love (laxed - siren beat),jawsh 685,2020-06-11,85
0PF2jauXrGdbvyxqdgaBsh,we all tryna f*** - radio edit,ysl jalen,2020-07-22,34
0wYOlCybpxFc2azWLyYj0S,lets link,whoheem,2020-08-20,4
23LAuKGYTIW6rrCiZqvDZG,back it up,trap beckham,2020-02-28,44
2FVMbLuIxo0dz3KLXgN6Jh,24,money man,2020-03-02,71
1ENdcyhqdylaLsPVgB83qq,rags2riches (feat. atr son son),rod wave,2020-04-03,71
2DQNYMRjisN3KAPj1bEwOI,"lemonade (feat. gunna, don toliver & nav)",internet money,2020-08-29,66
3WnTQDd9A3bpBfzCziElU9,excitement,trippie redd,2020-05-15,70
4Oun2ylbjFKMPTiaSbbCih,wap (feat. megan thee stallion),cardi b,2020-08-07,87
2E5NGLtMqDmeijWcntP8Ca,ice (feat. morgenshtern),morgenshtern,2020-07-31,66
3nS9a01VvXHQriLqJYwRqG,dollaz on my head (feat. young thug),gunna,2020-05-22,78
4jQiLyv1wtOtgKVEiA7yuq,tatted up (feat. fabo),k camp,2020-04-24,55
1GcXzijYzyfMq6wryZjYW5,may i,flo milli,2020-07-24,71
5ROOB1w1JX6EE35Okui9YO,pressure,yungster jack,2020-02-10,50
6YWUJyXqTbYHEVRwKt1mfT,life of brick,brickboydior,2020-05-18,45
5H4mXWKcicuLKDn4Jy0sK7,time flies,drake,2020-05-01,72
1Zv2jT7iZu98Feqpzhn0nd,(i hope you) miss me,joseph black,2020-02-14,68
2r6OAV3WsYtXuXjvJ1lIDi,hello (feat. a boogie wit da hoodie),pop smoke,2020-07-20,84
5EzL7hGT9g2Tvqsy158Lu9,pussy talk,city girls,2020-06-20,73
2hfoyc7ve6xM4ZEiNIiU1B,gimme love,joji,2020-04-16,71
0DlO5ASl69vgPntQhqJcU3,play with me,foolio,2020-07-26,45
1qxnmVbl8To9W9BcbTS8yC,pj,ppcocaine,2020-08-02,62
5rZlwNFl01HqLWBQGryKSm,mood swings (feat. lil tjay),pop smoke,2020-07-03,83
1p6b5aovKRW4PC6zuH9FMt,wurk,huncho da rockstar,2020-04-15,34
2gSbNY2qXZ5mPVixrMaFrY,3 musketeers,nextyoungin,2020-07-07,0
4GurWpxvH3NoWz9f9wirPq,wet (she got that…),yfn lucci,2020-02-14,63
0qJeyYAgv6UpvewUxRXAhb,rags2riches 2 (feat. lil baby),rod wave,2020-08-07,75
5au5NgWCdev4WeLRB3YEOR,hood baby,kbfr,2020-04-03,62
3KMwf44uy6UkmXzJd6lPsG,all about cake,nodis,2020-07-11,0
0IGxkEgMeF1dwOSIj2IUrT,crisis,jasiah,2020-07-27,64
4w47S36wQGBhGg073q3nt7,tkn (feat. travis scott),rosalía,2020-05-28,78
6MTf9Q8yPuD8Vv2btCedNc,splash,championxiii,2020-04-08,54
2Xoc4gqPbBa3QHKpBLJ5l8,then leave (feat. queendom come),beatking,2020-03-27,65
1jaTQ3nqY3oAAYyCTbIvnM,whats poppin,jack harlow,2020-03-13,81
4JeMM66h7rFqgO94N3kgCP,the dice beat pt. 1,ricky desktop,2020-07-20,44
39Yp9wwQiSRIDOvrVg7mbk,the scotts,the scotts,2020-04-24,82
5RqR4ZCCKJDcBLIn4sih9l,party girl,staysolidrocky,2020-04-21,79
19pI9JdjoIQPhq9z8DBsR5,molly,tre savage,2020-03-18,9
3Q6F8RByyhRTJpRtZLY3cg,whats poppin,jack harlow,2020-01-21,24
4zTPYAf5scZdp0LnwPPeWK,deep end freestyle,sleepy hallow,2020-04-03,69
4NhDYoQTYCdWHTvlbGVgwo,gooba,6ix9ine,2020-05-08,73
2WHUGBZNO2jhSzc5PHr2Li,stay in my arms,dubskie,2020-07-29,13
2ajzBr7vwHTEBeqDzcsNRC,that way - bonus track,lil uzi vert,2020-03-06,69
7nJWotqUUPhVaCAOov6qGp,never met!,cmten,2020-05-01,1
4oT5k8Fwcc32vft60fxp9G,whip out the stick,pyt. ny,2020-04-27,47
2alc8VZAzDgdAsL2QMk3hu,skechers,dripreport,2020-01-12,75
76MjtLfZoTNc3BDqUVjuRH,patek,future,2020-07-30,64
7DmxvWVgNYcm9uqknWGi7m,bitch i am up,lifs_a_trip,2020-03-27,17
222CYzFdozaJ8D7TL0Eo0u,the mop,tisakorean,2020-01-24,46
527k23H0A4Q0UJN3vGs0Da,after party,don toliver,2020-03-13,82
1E3VQQWFQAPJkXfYHjqWoI,captain hook,megan thee stallion,2020-03-06,73
6Juv5N0dNU1imms9c9u1dA,papi chulo,octavian,2020-03-13,76
7fEoXCZTZFosUFvFQg1BmW,took her to the o,king von,2020-03-06,76
4dPVmeisPfQrLcjx0Wz1KW,jojo pose,apollo fresh,2020-01-11,68
2rRJrJEo19S2J82BDsQ3F7,falling,trevor daniel,2020-03-26,76
2CnNLqBpth6XEHdvzXlpZN,demons,stunna gambino,2020-12-10,60
5lPOvE3pbCMzMUAfp73OFe,do you,bynx,2020-07-03,37
4I3ooY5jB0124lUvA4ZB9K,shake the bank,sir trilli,2020-10-09,41
6tNxAn8I7OP8zBvcBQdxYs,golden,tayy brown,2020-08-28,33
08UIiWFpJDG5IvuyYagkOS,gorillas & apes,kir,2020-12-18,41
70Sh8mnQp0Thr4DJOzdOnR,houdini,dro kenji,2020-12-25,43
5azix4xbmL7Vx9hRhlZL9B,chanel bag,killbunk,2020-10-31,71
3HRO0cbPBrb74WyMaN6z5p,oh no,dramos,2020-12-04,26
7ItLxIuN7oS3B7K3lVLRwe,without you,bynx,2020-11-20,42
7yttiQUp58i6ykYTHXe3i4,mop,king critical,2020-10-30,10
0OYFwW1dGoVRMEBwyIDInK,why,3xbravo,2020-11-20,41
1hctxDuRQAY6GaNZW6nr65,waiting,darwin,2020-04-03,4
4vJqUxSrQLfX6XLbp7aYW4,wanted,blanco,2020-09-25,54
4pe2J5v0X3rwc3dqVosq69,outlaw,neoni,2020-11-13,48
4DoX1je5VkxhMt2gx70IGB,memories,d-rah,2020-12-11,38
6SvIB3U0P8akC5HEWELt4G,sweat,patrickreza,2020-11-27,41
1tAJeXVHrIZDkZu3oOnIQ4,lost my mind,crash rarri,2020-03-03,55
3V63DpLvTE7AWBQOLbAHY9,money talk,enviousofenvy,2020-11-19,18
27ycaQnQAxaPiyeg3nr2aB,midnight sky,miley cyrus,2020-08-14,79
5VRZQ5qzsZoBgobQnXyDFg,fake friends,katya mila,2020-12-22,32
4ReIGcwAwhhWiu0S1m7pHL,fuck shit,870glizzy,2020-10-02,46
2uULRpRtKhCdojXwozKJzE,answer me,heartbreak aris,2020-11-06,25
7CoV64l2kDTuv2Y0sMA7ko,brag,aj gravity,2020-11-13,55
52ACWYmjsG6Pf0je5r9YRO,pick up,la rodriguez,2020-10-09,8
7Ev2K99xvZu1TYLygRlVyL,fuck my night up,kevin courtois,2020-11-20,12
3zqcHOH8xui5dmVMFpk5Tr,rush,adam kahati,2020-11-19,31
1kgMLfQH6MxWdbBE7XyIfp,kiss n tell,daniel allan,2020-10-15,24
1MSTueQzn0h2XEG3W651fV,ocean love,kat nova,2020-08-13,4
55uMxRPbdE2J7wcdUTJKr6,gone head,davestateofmind,2020-11-10,24
2LUdpPCiiza6UQugipjMeS,stunnin',curtis waters,2020-05-19,2
6wzi3znkuYyNgXLFz4rF2p,family,hudson east,2020-11-06,23
5GwEHElHD8MbWt6OuyMIkL,in my head,denari,2020-05-12,48
3vgf7gtRKDFNqFRJm7nA0m,haunt you (feat. chloe moriondo),x lovers,2020-10-02,54
0uKUr8l4Z3Kvr8UbAl245f,gone,sem,2020-10-16,32
69s8itrkgmEeN24Z0XyvN4,somebody else,kat meoz,2020-08-14,32
18Ftg87EW3cPeOtfjfRtQS,feels like,disco lines,2020-04-12,21
2u8wpNYoKMYmrZu9OxRaSt,nobody safe,xotrapp,2020-09-30,21
4hANBkbBO5xcYY1o9VOqxK,john doe,lbs kee'vin,2020-10-16,20
6qMJ4oWMigCS4zPwFYvUCr,race with time,heron & serum,2020-06-30,20
3BouNt6zTI78RwmMDyepkq,jessica,tre coast,2020-07-17,24
3cwPrsssrDYyFfe8gBHFsv,reminder,mulherin,2020-07-17,14
0y0nLLyXXhws3TBcPdgdmU,staccin up,ysb eli,2020-11-27,49
684fEM0U1ubegDEipKStjC,afterlife,children under the sun,2020-06-26,20
5rOyaiH5TMVAJ2pTKVkUQ6,out of my system,opensoul,2020-08-21,22
4Hf3mej67MHAoS0Tbl6a6c,caution sign,nicole chambers,2020-09-17,16
4HlwrvZ1Onf2Vh8PJtIvtE,talk tough,dustystaytrue,2020-11-19,59
5T490vvoFNU6psep0NPmxs,savage love (laxed - siren beat),jawsh 685,2020-06-09,71
2ls9EkzWDajLOew46Ca4me,walked in,kevin powers,2020-11-06,57
39ZjAV3RBWNmyx95mLS66w,what you do to me,lyss,2020-08-21,26
7htIBX6E4Rpy7rIib7DasS,regina george,24hrs,2020-07-17,41
3L2iBk9u1kBNaYAB0oWK9o,nikes,mazen,2020-09-11,31
586MNYiTaf0NT4sKsAL22k,fly with me,bluprnt,2020-07-31,25
6AGrbHaLY6G6zAhD9kpVhe,options,jay hoodie,2020-07-27,27
0dXJnIc53tYPYpn7TKDz2q,ice water,duce mino,2020-06-26,10
00IYe5F9dShyIAWnia5HHy,risk - main,kooly bros,2020-08-14,0
1zy6MLFNCrHvIXWv9yy9fT,pull up on me,justin morelli,2020-05-01,31
7GMzYDt9v95hOkyUNCUTsn,19 11 17,haise,2020-08-07,22
6uNz0705QvAbiy2J8tOLYr,bop it,king critical,2020-07-10,22
7uxbTF1GAQNF0ESW5kzGUo,do or die (feat. liana banks),lilbootycall,2020-09-18,24
2S6N37zYRFOel6gXU4nxhq,even if,davestateofmind,2020-09-03,36
0dZpw3h6KZhcHec61qwevZ,banana (feat. shaggy) - dj fle - minisiren remix,conkarah,2020-05-15,72
6FzX1eNW2ZiJ4tNpmkn55R,lost kings,k.a.a.n.,2020-10-26,26
2bJTE2bZpNeTayNbRRfp5w,actup (with jahmed),party favor,2020-08-14,44
3bkjytkq99VLjtbxUp8twy,life sux,silent child,2020-09-04,37
1RDM6FhzmHMyXDtiU9f1jH,then leave,beatking,2020-03-27,0
6XqZStnjADZJa0inZUKedQ,bark,hoodie mitch,2020-12-18,18
4qOKAMWrsnJYehSvJVpjEs,mayday,j swey,2020-10-30,44
5v4GgrXPMghOnBBLmveLac,savage remix (feat. beyoncé),beyoncé,2020-04-29,75
2iJY710P15Tco2V31KjXPf,attitude,roman yasin,2020-11-27,20
0wQL4dv6dQjuiGdmJIjRCu,why is everything chrome (lean swag rock wit it),king critical,2020-04-30,48
1KNh3GCalI00xnSGQZNmiZ,say so (feat. nicki minaj) - original version,doja cat,2020-05-08,48
67KGS9e63LdGM7WpRUJazr,freak,eltee,2020-12-01,34
0Gw2onW1TwNVpomPiP1Lj9,go,west monroe,2020-10-27,0
7ytR5pFWmSjzHJIeQkgog4,rockstar (feat. roddy ricch),dababy,2020-04-17,89
4S2BMM3Dke8bdWLHpSOPmo,blessings / celebration,màvcase,2020-10-30,4
0XHyNndHIiLADEPrUHpia8,shining (feat. 42 dugg),lbs kee'vin,2020-09-25,42
5NFr84NNaAHt5B4zK9Vouh,catch me,damien,2020-11-20,55
3AoT7FzXEsmesybPPIQd9l,buck the jack,cheflodeezy,2020-09-25,18
2NtcRpiK7HnSA8CuBQyY16,whatchu on today (feat. polo g),bankrol hayden,2020-06-26,63
09Mxpg8wkI1ynsc3sVDiUU,"bad boy (with wiz khalifa, bbno$, max)",yung bae,2020-05-29,53
7ehcJfTmGuH2MTtLvbsLHp,bad habits,j swey,2020-11-20,29
090m9blEUZcA1SCYvKLI3D,end of the world,jay hoodie,2020-06-20,0
13XyJ3taJF7zDTFy2bdA2Q,fuck off,3irty,2020-01-30,10
6kB2GI8iyDTNmFYff797XB,getting my dough,azide,2020-02-01,0
3zdzhmZsEn4Kh0BCNP7A3o,washing my brain,darkmark,2020-10-23,14
63A7v6g17rh4QY7BIznMY8,broken hearts,henny seear,2020-09-25,9
2ow94sXd0XjwoZZK1fCHSJ,let go,ron grams,2020-10-13,44
2theWUAkvEQVRADhIQZkAU,sometimes i don't wanna be happy,omgkirby,2020-07-24,33
17yOHBtd3ZKoCt7chJeAjQ,door dash,lil perfect,2020-07-24,14
1JU4ApAtMcd9S5I7LRRuFl,state of mind,jiaani,2020-09-17,35
5G5qyRHlLmZgy915TBTCkB,figure it out,blu detiger,2020-04-17,62
5QDgWpZpedptPaTDWln5SI,straight drop,mazen,2020-12-16,28
5T8RMrOd9dIJKOakfbVqRW,oceans,jay hoodie,2020-10-30,26
6mkyveF3aZJ7SUPC8BWFr5,hold steady,opensoul,2020-10-30,25
3MPfblpHGZwoPtWBDbrLym,don dada,yungeen ace,2020-06-26,41
54Okeq0AR33D83QGPmkz5u,ashina,t h r o n e,2020-09-14,7
6Q0F1PrnvTDFrg9KTKElmC,money honey,rico pressley,2020-10-30,14
56uXDJRCuoS7abX3SkzHKQ,myron,lil uzi vert,2020-03-13,77
4GH3i6dXJA90NROrF7QU9q,rock,gritty lex,2020-09-25,11
127QTOFJsJQp5LbJbu3A1y,toosie slide,drake,2020-04-03,80
4PoyMlpB4bgzZoPARraBPW,canary wharf,roundrobin,2020-07-10,32
1d6XDNrd6AjQiGHHVnTrfv,never change,dustystaytrue,2020-05-21,64
0egBBvt6cfROuCHP5nBABx,be happy,dixie,2020-06-26,3
3W6fUTvxMioJ6f0jLFK4Ua,type shit!,egovert,2020-11-08,26
0XqZfWN4W50ppkiamzCwmb,loading,lil sil,2020-10-30,43
235nDwBXd3yg2Pc6Dttk4G,late out,gritty lex,2020-09-25,9
4GUj9MfPPkjpZskxb45uiX,angels & demons,jxdn,2020-05-19,74
4OSYOHnGWmithfyy1MCBkR,you think you're,alex aster,2020-11-17,28
7jnm8FmWmqCeTp2nBwbz20,molly girl,ness the kid,2020-07-17,39
2vgMKnd6MIRLOwJ0rx3aRZ,want it (vip),kumarion,2020-10-16,24
68UU9oaQtMDnh6PRlW842H,i like him,princess nokia,2020-02-26,71
6GdDjthxbTGBV9rl2oLKa9,"my neck, my back (lick it) - benzi & blvd. remix",khia,2020-08-21,40
2XIGVUX2bmdn8FtCvJqBxm,everything's chrome,king critical,2020-08-28,31
2kefHjNepGePZG4WxH2Vh4,#wipeitdown,bmw kenny,2020-04-27,49
2hReMrZRitKtVqGZk0Pqh3,made it bigger,senior,2020-09-30,31
3YKBzPMeKTqKuB2UZyAQWq,lights on,landstrip chip,2020-10-16,43
2DyOplSMNLCRmWxrcj1OOI,miss me,herman,2020-07-17,0
4LcUIC0OEsTmpwJR38aafo,purple (feat. polo g & deno),charlie sloth,2020-08-06,50
4IqD7IMk1Itl7AmgdxFmHl,die on the dancefloor,dror,2020-07-23,6
1UxYmRBBJMMuzYcK9miSYs,they call me tiago (her name is margo),tiagz,2020-02-27,65
1IiIHuFWRaUZR6oFFD3y6H,mad at me,freshie,2020-11-23,21
6t3sBdc5SbMlk5AyGvMei2,3 vets,the future kingz,2020-01-08,0
1SMHBMCHaaeHkBqQqHGp9a,chit chat,jay hoodie,2020-05-08,16
4zDxbbIOBxIIqSZyTpWg87,lead the race (undefeated),comethazine,2020-03-27,58
0PNVMcb2Y6q4SHnKQLl4b5,oldest teenager,lexi jayde,2020-07-24,50
0TRmtiR9q6XnYDzXmoMpGC,all my heroes - radio edit,naeleck,2020-07-31,63
3BJiF37kmX4HCfYSO7qBnQ,laxed – siren beat,jawsh 685,2020-04-24,62
4z2JaAVPemYJhFKm7e32RA,skechers,dripreport,2020-01-12,1
2ws242sJGyVjrknO0417JB,91,lil sil,2020-01-24,57
3kzeFYqVivXmkhD63NLHrb,school girl,bankrol hayden,2020-06-26,50
4NdIlRhiXNkFUrOTzjCZXV,cocaine,deestroying,2020-11-20,28
69ILNxAuh3S9psVAd04cYf,tiktok shawty,karri,2020-11-06,53
0efL46uAuNEfukXQYsbPlX,lmk,lil xxel,2020-03-06,1
4dZKAHqTXABZbT1rPBrM0d,toast to the life,apontay,2020-08-07,16
0xKBkLcF71uUQeTA7FSu4A,best on earth (feat. bia) - bonus,russ,2020-01-31,72
7eJMfftS33KTjuF7lTsMCx,death bed (coffee for your head),powfu,2020-02-08,87
41sX9GPdfG05Qj7MusmO5i,scarred hearts at war,opensoul,2020-04-03,25
3kbcsTZiugxA0Vj2SAr2zO,can't hold back,j!mmy,2020-09-25,4
3voykgDTJc3HRbWTKaZ1ri,poverty,brandon thakidd,2020-11-23,52
41LhQUkElADQ5YUbpYv2D0,"...and to those i love, thanks for sticking around",$uicideboy$,2020-02-14,37
0Hl9OCGoLGi9IFwsn31Yth,silence,dyllón burnside,2020-07-17,15
5XFKgI71IZC8o6JLY6ry6V,jugg,killbunk,2020-11-23,51
264J36RFUiOadZmS98lcQ2,earth,ethn ashr,2020-09-08,27
15Zwn2QjNDVI7xX62tuGVb,chicken n grits,yung pooda,2020-11-27,40
6wJYhPfqk3KGhHRG76WzOh,blueberry faygo,lil mosey,2020-02-07,81
55CHeLEfn5iJ0IIkgaa4si,savage,megan thee stallion,2020-03-06,77
2xO7yNLCnJsycIsxLfkXbz,weirdo,more fatter,2020-07-31,0
6GyNzLfyPlqOanu8S31vaH,hate me!,masn,2020-07-10,0
0MLBjx58zafG3kMqKfeqk6,james harden,cashmoneyap,2020-11-13,28
3f3s0MnaQg1DQFiHZ7n0UE,holding feelings,nakala,2020-06-30,27
2eukAOMjUM4pxnOdIsUia9,all dat (with megan thee stallion),moneybagg yo,2020-01-10,62
2KVmIxpxCGfnY47IGMuyyf,1426,jay hoodie,2020-05-08,10
017PF4Q3l4DBUiWoXk4OWT,break my heart,dua lipa,2020-03-27,82
1zLBsSVxETQOfINOLYvT5m,girl like me,black eyed peas,2020-11-02,86
78qd8dvwea0Gosb6Fe6j3k,boss bitch,doja cat,2020-01-23,83
6omoJ2EWNrB7iwFKogOsBV,red rover,benzi,2020-07-24,17
1MocPrUzZfYlyfRvejLY3S,feel like guwop,ola runt,2020-05-28,30
3J87xdiWkf5YYFXXtwOnQO,romantic (feat. toosii),sge kash,2020-11-19,26
3Nhfs2Cx7z2JWHetYkzSfO,my heart went oops,tiagz,2020-01-29,0
2ImaJZH7XqxrzbQZpYDmol,addison rae,the kid laroi,2020-03-22,68
1xwNUt6ol6iDUJMz6Mli7j,i'm ready,nakala,2020-07-10,22
3sg512L4tdxxMxOzjyJ6H4,wake you up (scream),gritty lex,2020-09-25,6
7rTzrRdc5UbvLr0gwI1J3E,out of love (feat. internet money),lil tecca,2020-04-17,13
1MBnFyv4Roa84b5cXMEDs2,sunshine,mauria,2020-09-04,12
0DttTD96n3F2uPjMXx1F0o,mexico,la rodriguez,2020-08-28,7
6Aci4F3BOEAV2aVcWdttHe,boom diggy (black girl magic),eritza,2020-09-04,19
4syQYxmbSes5Zx6TdNBpNE,energy waves,whatever we are,2020-10-14,0
1dcAnjXxZDADLx2OK7AEj4,losing blood,pmbata,2020-11-20,51
2dLDHTUx9G7zbmOapMvGBm,i got a feeling,j swey,2020-11-20,30
1oRVGEVNqpDWgHGmAjtqjz,everyday,mathias.,2020-11-23,34
1txa661SpAkoQENgiMRtHD,meet up,young tone,2020-01-02,36
31XfbRXZYB6SZcJitnUvod,party with the 6ixers,tod,2020-12-25,22
2cX2coZS1PYBfPs8wgbdWE,"more than a woman - from ""saturday night fever"" soundtrack",bee gees,2020-11-20,79
1j3SdMJfeRJXycCp50boYE,yucky blucky fruitcake,iamdoechii,2020-11-27,77
6GKGoi0FHzldk1ZRQoV1fv,jalebi baby,tesher,2020-11-13,79
5yorXJWdBan1Vlh116ZtQ7,whole lotta money,bia,2020-12-11,80
4tWPUDJ6T5vMDBVUk41r7e,kiat jud day,djkeinth,2020-09-11,43
7kGDAuP9P8mT2epyDwbdDj,se acabó la cuarentena,jowell & randy,2020-08-06,70
0TkyAwi6LZCHEUrYKdc90N,kimi no toriko,rizky ayuba,2020-05-03,60
6xqUWUOWCiww4SxLG9CCGT,gugmang ga aso-aso,dj rowel,2020-10-09,44
3us3yACYidjyZwm9to0czY,magandang dilag,jm bales,2020-11-20,64
4nd9cEo5R4jGNcgPHDm7Ar,marikit,juan caoile,2020-05-21,62
13pv5UWJttg8NNplCaaOYh,binibini,matthaios,2020-03-18,57
42EG9CclEoBnRq7X5B7O9j,my heart went oops,tiagz,2020-01-29,60
5K9KKn9ZsH85pUsKI5vTiq,...baby one more time,coopex,2020-11-20,56
3R6Hl2e7hAyCfofRRToKAo,malayo ka man,jr crown,2020-03-11,63
5V8o0qxXDxhZZ2HfDlq9vd,morena girl,justrap,2020-08-07,41
1LBxSfZcVcePwIKZyHoqHX,you know i'll go get,rizky ayuba,2020-02-09,50
6r7sdXUiKjgEx3I8GQRpSq,chinita girl,lil vinceyy,2020-03-06,57
2r8NHrOUM2E9dXn74msSYx,dancing in the moonlight,dastic,2020-11-06,51
3a22L5P9cix1HFNzjb3SpB,sulyap,jr crown,2020-07-13,62
54b8IPvheXDpro2VR2rWAS,ivana,soulstice,2020-01-06,56
6UQ2RdJlPpTEWf79SiBlud,tinotoyo,jr crown,2020-04-24,51
1SRPLYcF7I9J6AJAdBgEVr,teka muna,dj loonyo,2020-09-08,34
4G7uzhxgKFBCJApBpuuBgU,kabet,gagong rapper,2020-09-07,2
0f4UsNWSkzFp0Q1UfmghXs,bawal lumabas - the classroom song,kim chiu,2020-05-25,31
1x7DysraeqSgVgj95hHc3U,araw-araw love,flow g,2020-02-03,61
60jpDubMmVyR5molJp2TCm,ice cream (with selena gomez),blackpink,2020-08-28,20
4a8L2yteqOLeao0J21Gd2g,aku suka body mama muda,joni remix,2020-05-24,38
3aycdSP3P2E7pb4piU4KqO,pinagpalit,macaulay sulkin,2020-03-06,37
6kXupb9orCMhvy9GP8kn0L,galaw,allmo$t,2020-05-23,39
2VMefkc8X69j58JNSvawWN,sabayan ang init,kenjhons,2020-06-24,27
61hjOqsV9gwEk7fnorOFFx,morena,king kaybee,2020-03-08,42
44jJiCwGdnqqCkgqlvCIdp,miloves (otw sayo),king badger,2020-03-09,57
2YreeV0asmC6tgM4IH2g5F,pangga,matthaios,2020-05-10,56
3EWxpqOSP0KWgUmRiklqGy,rueda - remix,chimbala,2020-03-19,59
1rVIfJCv84UJSQApOTvWsN,wap tiktok,viral djs,2020-10-03,21
6qOz1kGbS2yZ4SvTfRUYTw,the style weekend - remix,eduardo luzquiños,2020-11-28,57
5E1aFH3QO8NHlocnXIPTYo,go crazy,chris brown,2020-05-05,0
0v1x6rN6JHRapa03JElljE,dynamite,bts,2020-08-21,9
6y6k14YN6MbKpGIv1Rk00Q,how you like that,blackpink,2020-06-26,21
21wxmOuwVpHpjCCK5V7cWh,magandang dilag,vanfire,2020-11-11,0
0ri0Han4IRJhzvERHOZTMr,at my worst,pink sweat$,2020-07-17,82
2KVBzvl9gmSRe1Dk6UCvk9,blueberry faygo (special),torontomusicplug,2020-01-23,0
6ET5me4cPd1WG67FGs8dQj,blueberry faygo,xanity,2020-01-20,0
5yY9lUy8nbvjM1Uyo1Uqoc,life is good (feat. drake),future,2020-01-10,83
5f6k5qxyxfTgGkTJDOOv5q,get loose,huncho da rockstar,2020-02-28,35
489AYiTB0ylShgV29tihMo,they call me tiago (her name is margo),tiagz,2020-02-27,2
4bZoew5be5EGBw1W6OFVEa,she belongs to the streets (toxic),rontae don't play,2020-03-06,46
0gPJxPyR0pK9e4Slp4vwdl,dangerously in love (tiktok remix),remix kingz,2020-02-25,37
1oHtKjiGUmYDFGTlQVfsim,need a freak,mighty bay,2020-01-13,42
3wapLdXDMiCZV9dWNg55Jh,holy moly (feat. nle choppa),blueface,2020-03-13,62
11VApNQCWLJdzxWrlmwzUa,say so (feat. nicki minaj),doja cat,2020-05-01,72
018pMkBnWM0DBeH1ChL06R,hood baby,kbfr,2020-04-03,0
5kkaSMcf4BFlhRRICCKZb6,something special,pop smoke,2020-07-03,74
5f1joOtoMeyppIcJGZQvqJ,be like that - feat. swae lee & khalid,kane brown,2020-07-10,80
4cSSL3YafYjM3yjgFO1vJg,walk em down (feat. roddy ricch),roddy ricch,2020-03-19,76
6pOpsuCxYF1cuRkHBPDigj,shotta flow 5,nle choppa,2020-08-10,61
02kDW379Yfd5PzW5A6vuGt,lemonade,internet money,2020-08-14,84
4SIB2yxKoFOrbkjA4zfQbB,beautiful pain (losin my mind),polo g,2020-05-15,71
7HbnX1fxCAoPa7nRVFSEFW,said sum (feat. city girls & dababy) - remix,moneybagg yo,2020-09-17,67
5VlTQnZO89Ioku8ssdbqJk,dead man walking,brent faiyaz,2020-09-18,80
5yLn4f6NbYUO41oi9tGOC1,money real long,dubskie,2020-11-20,42
3PXi72ZtSqx1PZc40KS0Qj,mean,$not,2020-10-30,72
1VLtjHwRWOVJiE5Py7JxoQ,martin & gina,polo g,2020-05-15,87
52BJrldggFQyTiW8XrILhO,in the party,flo milli,2020-07-24,70
3wCx8pwK7J1LVe13dFXjPm,beat box,spotemgottem,2020-04-20,69
7ljtPsFnnnPG1XTFvpwrdH,panthere,sir winz,2020-09-11,17
7up4FZbao0Mru6vY5Dzf5b,this year,sir winz,2020-12-31,29
249gnXrbfmV8NG6jTEMSwD,life goes on,bts,2020-11-20,88
1hTgkJK7HCcSPgciMTI09T,more,danz dow,2020-11-20,9
31G7lH1lRqofnJhTVD35wd,viva la swing tik - remix,eduardo luzquiños,2020-10-26,5
4p8bTUrYXZMTP8QnOyUMGR,tampa curhat beat / baila - tik tok remix,eduardo luzquiños,2020-09-22,0
6HlE9t71z9DjGi7KqSyEpA,deep end,fousheé,2020-07-31,79
45bE4HXI0AwGZXfZtMp8JR,you broke me first,tate mcrae,2020-04-17,88
1ONZC01ruBfKx32sR2cee8,turn up,sir winz,2020-04-10,16
7igeByaBM0MgGsgXtNxDJ7,positions,ariana grande,2020-10-23,23
7bmJ5or9cYPWpdLrqbo6op,twerk for me tik - remix,eduardo luzquiños,2020-10-27,13
5QnHkHMqCqF6qgOheVtYwK,laffy taffy vs hit it for me one time - mashup remix,eduardo luzquiños,2020-09-03,42
5wSfQ994SRQb7dA1OHte2e,tick tock (feat. 24kgoldn) - sam feldt remix,clean bandit,2020-09-25,51
7aGyRfJWtLqgJaZoG9lJhE,mad at disney,salem ilese,2020-07-24,78
54bFM56PmE4YLRnqpW6Tha,therefore i am,billie eilish,2020-11-12,87
614OkajfRPH8V0ugNQnduP,upside down,jvke,2020-08-18,27
3BxkwYI4TONN2rNyITDGX5,viva la swing tik,danktiks,2020-10-07,1
2oC2rqLRcTiH8OXRpZChe0,paparazzi,dante boy,2020-07-10,9
2oqAlu9bKUxFJfiFYeKPP1,mi pan ñam ñam ñam,mi pan ñam ñam,2020-07-22,0
7Mu3sCvXdMSlBLrUPOhWAG,locked up pt. 2,6ix9ine,2020-09-04,57
1yoMvmasuxZfqHEipJhRbp,hawái,maluma,2020-08-21,81
0QpOqKz66ZxHNqj2PPHiFF,backyard boy,claire rosinkranz,2020-08-14,64
2zy21v7RbGC8KpSrZCze5t,baila,karl wine,2020-07-31,0
7x4ASXYEKfQBCewcZhK776,"ay, dios mío!",karol g,2020-07-10,80
4R1Twj0U1kMi8ZwQ9T9AsL,letter to daddy (tribute),sir winz,2020-08-20,6
6QmQcHZrWJuopMpQUFXbeB,love story cover,hiko,2020-07-28,51
0tCngWirQaLP1Y6vFvWteF,vamos,salatiel,2020-08-21,0
1FgPyHX7HruKDL4Tx4MeZB,address it,lpb poody,2020-05-05,62
6OfMguZO7yQBFquseyKVRm,interior crocodile alligator,chip tha ripper,2020-04-29,49
47CK1SBOe7VR65GEmZmPjk,laxed - siren beat,jawsh 685,2020-04-24,1
2n0vHNx05rdQaTrs2R6Ty7,sexy,joeville,2020-02-05,0
00pz55VKU1omtChIQ6bxCI,dancia,dante boy,2020-02-12,7
2BL7woimZqIDxZg2f18rLH,ahí - ahí challenge,nfasis,2020-02-09,48
0DRBnkNKczhEOw7JW3tSel,chacha 2 step,astrus*,2020-05-10,25
5KglajBRaDVCtzJnLFc1Zr,rich bitch,bankrol hayden,2020-05-08,0
5SDfIWmIAD0lZyG9llhQCn,uh huh,ilham,2020-02-28,32
5JuKgBkx9z3dl4NL3HKSkF,i'm single and i'm lit,rontae don't play,2020-03-05,41
0HIj0uo7zaFIpkzUIkDlmL,freak,tyga,2020-03-13,64
0T5eWUavIN647AcUFXfZve,sadder badder cooler,tove lo,2020-05-22,53
57YMEPQhEy5F5Q715mW0n8,surrender - martin jensen remix,natalie taylor,2020-05-22,59
5vGLcdRuSbUhD8ScwsGSdA,whoopty,cj,2020-08-20,85
4MzXwWMhyBbmu6hOcLVD49,dákiti,bad bunny,2020-11-27,88
5i7ThJfYLAzp2DyZuFpF6j,heart of glass (live from the iheart festival),miley cyrus,2020-09-29,74
41VrMNKRvrfGMlrW71lq04,primadonna (with marc e. bassy & skizzy mars),plvtinum,2020-10-09,51
2KMLGJ1mPfRE4GNdL92rl3,toss a coin to your witcher,sonya belousova,2020-01-24,61
41L3O37CECZt3N7ziG2z7l,yummy,justin bieber,2020-01-03,74
6fMzgFFGzWCwiHMzDzNpp5,lets link,whoheem,2020-08-20,64
0qUcpOOna3kkrwfqky85e1,eyes blue like the atlantic (feat. subvrbs),sista prod,2020-07-20,74
57Oi4yqY27uJzCyqFWIP5q,3 musketeers,nextyoungin,2020-07-07,70
2Ka3rGaf1fyXRxk5DxJlgj,m to the b,millie b,2020-08-28,0
1IIKrJVP1C9N7iPtG6eOsK,go crazy,chris brown,2020-05-08,83
0AUvWawuP0ibk4SQ3sIZjk,daisy,ashnikko,2020-07-09,79
3u7h3HZ4K8zA5Lk6uTlNGf,fall,mkx,2020-08-26,34
433oHg3yvSo0Dtu67A1idB,muffins in the freezer,tiagz,2020-07-03,56
5ls2SqeiirAjhIARsqj3Gn,hit my line,plvtinum,2020-06-12,49
5srKMwXoeyrRnyTnNbpgIW,people i don't like,upsahl,2020-07-17,72
6zFMeegAMYQo0mt8rXtrli,holiday,lil nas x,2020-11-13,86
0ooz46SAYMJsdOPnwW4nKK,drugs,tai verdes,2020-10-30,70
35mvY5S1H3J2QZyna3TFe0,positions,ariana grande,2020-10-30,89
47EiUVwUp4C9fGccaPuUCS,dákiti,bad bunny,2020-10-30,89
4y4spB9m0Q6026KfkAvy9Q,lonely (with benny blanco),justin bieber,2020-10-16,83
53BHUFdQphHiZUUG3nx9zn,bang!,ajr,2020-02-12,75
5TGzBYImwuiIVe7TOM2Fdl,head and heart - female version,gill the ill,2020-09-11,43
6EKtPIcTar25onUhIL7J39,put your records on - female version,gill the ill,2020-10-13,15
6rH7bCqsDyNobRYAwCx77J,holy - female version,gill the ill,2020-10-12,12
0PnnrftQSVbIm2By1lIn8r,go crazy - female version,gill the ill,2020-09-11,14
5S0SiXYqlvlRCZaXe8wIOG,mood - female version,gill the ill,2020-09-11,24
6mkDBCHrjQwiXk3ydGid3c,the box - female version,gill the ill,2020-09-11,14
3I1DIPr0XKna0OxwchGPer,breaking me - female version,gill the ill,2020-09-11,14
1QETLS9T336MVJssmDXUBP,one margarita - female version,gill the ill,2020-09-11,10
3ddsPZJDcmdewn0MKmU6OL,don't be suspicious,gill the ill,2020-07-25,28
0obAABk0wVcIF0HzuXGOjD,savage love (female),gill the ill,2020-07-28,26
2axMcHQsK6LKIYKmpf9oc2,someone you loved (female),gill the ill,2020-07-28,23
1hDbjJBzotpdZT6QPpLZXA,pretty girl (tik tok dance challenge) [edm remix],remix kingz,2020-02-19,48
3O0iUzCgryYsGihtEKCLtM,in the end (tiktok dance),remix kingz,2020-10-05,38
6ZplHRN9UPNBUJpa3k3iJR,you broke me first (trap remix),remix kingz,2020-10-21,44
2axMCEsdQcEjI9SFHhMnaY,hey reporting live it's trap bunny bubbles (tiktok dance),remix kingz,2020-09-11,30
4YzXkvRfIpibmdmzYhZJ0A,wet,dj challenge x,2020-11-16,4
1PA6n63TLo6ZLyNnvtadGa,tap in,dj challenge x,2020-11-16,19
1fH7nUtc9HeojEELaAhGzN,lets link,dj challenge x,2020-11-16,3
3Zvsr95w4mkSd9ygepHhBD,hot girl,dj challenge x,2020-11-16,3
5s3ktQMlHyunU9YNfUzJtW,b.s.,dj challenge x,2020-11-16,3
7MkS5q5UKp6E8epVV0b7Gl,hot girl bummer,dj challenge x,2020-11-16,15
7IIScoTAu82ixXdvim0J2d,something new,dj challenge x,2020-11-16,10
7KgJl96xXEbMfIpBo7jcMa,death bed,dj challenge x,2020-11-16,5
5a7bTaWiIrg58EBthwk5ky,sunday best,dj challenge x,2020-11-16,10
6pbPXSeAHsNrQeCbS0D9FS,supalonely,dj challenge x,2020-11-16,3
1LIEz5nxYCgHzYexYn7Q79,moral of the story,dj challenge x,2020-11-16,3
1NRIL9TAQ7IluNaZeG717E,like that,dj challenge x,2020-11-16,11
1PRTZfMSNwVQOD8SOLu217,she gon go,dj challenge x,2020-11-16,10
1eKnlLDP20KSk9stiHMZZT,say so,dj challenge x,2020-11-16,11
20Ul2Qut2KcQmzUI2KCVI3,stupid love,dj challenge x,2020-11-16,2
27i47r2c0XfXWzOvJgtYs9,burnin' it down,dj challenge x,2020-11-16,2
60xOb6vCdoAoburfA58DQv,shut up,dj challenge x,2020-11-16,2
1DOFe1unT2B2apCdCfK82C,heartless,dj challenge x,2020-11-16,2
4uA6qgaIavdymGSnqndPCi,blinding lights,dj challenge x,2020-11-16,3
4jfwcPFQRmdJAbMTV0EiNE,in my feelings,dj challenge x,2020-11-16,6
4yP1wyQPIaHBj7A6JqLMXe,pump it up,dj challenge x,2020-11-16,19
4Rnc88EZy1SkFq8v96JwDK,juicy,dj challenge x,2020-11-16,4
3u765WXi1KoAwo22ZjLLOy,yummy,dj challenge x,2020-11-16,3
264h2v3dRkKItrYb2jPwZJ,boyfriend,dj challenge x,2020-11-16,6
3SHtwMGiFNDsnnaDFMcQRs,look at her now,dj challenge x,2020-11-16,1
1eUqtvVtDQ9VZLPRJ4QHwF,bad to you,dj challenge x,2020-11-16,2
2lP2ApZO6poujjIkEGbVHo,heartless,dj challenge x,2020-11-16,2
1uahhgoS8Wq8JrG0Sb6ynI,all dat,dj challenge x,2020-11-16,2
1lRs4mEXiD8XdhILG5as6l,memories,dj challenge x,2020-11-16,3
0tYRkxJTr1qQdDwW7SSo2f,feelings,dj challenge x,2020-11-16,2
35ZAoTeRzzw05x72Da5tmK,rules,dj challenge x,2020-11-16,2
2IePQ0BFDbKUR80xjoWEdo,lose you to love me,dj challenge x,2020-11-16,12
5HPSzLuKdwg500V5hWXlm0,the woo,dj challenge x,2020-11-13,28
5dn5pEI5mqqDFrcTgQjrOP,come & go,dj challenge x,2020-11-13,37
0OYoXKL7O8RiKCFWrXjjGq,haha,dj challenge x,2020-11-13,9
24mmzsJ4jbfATynXdFwI0V,savage love,dj challenge x,2020-11-13,31
6pFmdZbTkHbMQWzIMLuK3V,whip out the stick,dj challenge x,2020-11-13,7
5jOHEEgnPkg2Q6341Rs8At,wasabi,dj challenge x,2020-11-13,8
7s07VlIMzKQNj2usIg2HI3,king's dead,dj challenge x,2020-11-13,7
6lrMGCHF3lZYmgBuLlHLTO,savage,dj challenge x,2020-11-13,32
4Ux8f8lz8a5r0MSRL7EO1H,someone you loved,dj challenge x,2020-11-13,13
2JAUoX8OsK8KZxiQ64wHhD,my truck,dj challenge x,2020-11-13,41
1ob9fWAoPWDzkgT0J2js5u,lmk,dj challenge x,2020-11-13,10
0FmC0xAJnMKyFBJi2L4cLn,cannibal,dj challenge x,2020-11-13,11
4XSHtCeHWwIoWIoK82xS8S,mad at disney,dj challenge x,2020-11-10,25
0Cx6Irm9zkHYicIe7XkW1K,hood baby,dj challenge x,2020-11-10,10
6pbnZMCYRlogyirIF4t9SW,mood,dj challenge x,2020-11-10,8
0GpjYoJ5xfDfu5eeTYYUJs,fireflies,dj challenge x,2020-11-10,7
2vZgNmGKxQ0z5NonJf2c2p,never met!,dj challenge x,2020-11-10,30
1YDkISaWWoUw0wNM6khVxV,girls in the hood,dj challenge x,2020-11-10,4
3dvyp3uojuguRU5CHUMG5m,mood swings,dj challenge x,2020-11-10,7
1tPOoWtLktuc8iHB9NdrK0,surrender,dj challenge x,2020-11-10,5
6yu8i6khq5OIylfGHgaHiu,life's a mess,dj challenge x,2020-11-10,3
5HS2kgWgV8qnpb2g4eSH61,more happy,dj challenge x,2020-11-10,3
6gPeADraAKH7ner3ml6ItJ,rags2riches,dj challenge x,2020-11-10,2
3SsOLOPZaaJwM1atQcSBmd,hatchback,dj challenge x,2020-11-10,4
4QzvO33yN6pCMPycaD6gfq,cars with the boom,dj challenge x,2020-11-10,22
48PjgwJ5lunBHc9XGrvxVm,kream,dj challenge x,2020-11-10,4
1USBCzIHpMwvs64GECnMbO,tell me u luv me,dj challenge x,2020-11-10,1
4ZbIzBmWYLvb0Chq8rFCJo,me vs me,dj challenge x,2020-11-10,2
1sKgKgGdLM4QMxGh96Js7V,party girl,dj challenge x,2020-11-10,10
5NHrp7xuuBVlJYiaVaDCIV,be kind,dj challenge x,2020-11-10,3
4OPtowSO6UmMvpjFbrW4MU,play date,dj challenge x,2020-11-10,4
5LfgwShyFFv00qLpMULyyn,after party,dj challenge x,2020-11-10,12
1K5Exzv2jzxQWfLYUdPdTh,the karen song,gill the ill,2020-07-01,19
30ZASEEaHb8YOICYLn3KZ9,dynamite - female version,gill the ill,2020-10-15,17
5Uf1vCvPN3RLVIbDUMoCEp,blueberry faygo (female),gill the ill,2020-07-28,16
3yiYjwjyUyWP9riyyLNfkA,heather - female version,gill the ill,2020-10-13,19
0VjIjW4GlUZAMYd2vXMi3b,blinding lights,the weeknd,2020-03-20,94
4WkPHUHCN5Gyfsjcfu5tqr,lemonade - female version,gill the ill,2020-10-14,7
15vSSdbLFVJDm6UE177sRQ,wonder - female version,gill the ill,2020-10-14,7
6Kg4DACqZNABH1l2I15iOd,nobodys love - female version,gill the ill,2020-08-01,14
1WV7Z5HAQKdlUVxMDwk9lp,unsteady (female),gill the ill,2020-07-30,9
6MeXUZ8t2jqQReEAcQpCuj,blinding lights (female),gill the ill,2020-07-29,13
0mTaeomhvXwfPPpO8Luz5U,come and go (female),gill the ill,2020-07-28,9
4RLdKrLEBdEBCu7JLpRKKi,life's a mess (female),gill the ill,2020-07-28,9
6NLqkdruvvaJBRPwdYd60Z,don't leave me (think about it challenge),gill the ill,2020-07-24,10
3xkEULokhVSjf3TeOU2tKB,i don't understand,gill the ill,2020-07-24,10
3B8U165Fi35KV3QYYncPIe,no justice no peace,gill the ill,2020-07-02,9
16Zulj5SK1KGTeBYhOYtvp,damn boi he thicc,gill the ill,2020-07-01,13
4gAf17NE5QifPbjBW9KNRT,don't worry about it sweetheart (what you got on),gill the ill,2020-07-01,9
2KcY10WWFQqGyp1j9SqQVb,its corona time,dj quarantine,2020-05-18,16
5syrN43NmIRCOUlF4GEw2H,joe exotic vs carole baskin (rap battle),dj quarantine,2020-05-18,17
2QNndTbo9mvgOoOKJvpEl2,i got you,bazzi,2020-04-17,62
7zwRvukfiY2Qbx28DbM3YV,thicker than a snicker,dj quarantine,2020-05-18,26
58tMKmqJ8jgISyiIZ0Yxxx,say so (edm remix) [tiktok dance],remix kingz,2020-03-05,27
0V2tXSarTxnsMMQVY0Liuv,fuck this job,dj quarantine,2020-05-14,26
3VxcXNe8Kv7ni5MwYyx4f3,i'm a savage (tiktok dance),remix kingz,2020-04-14,38
6Q16YW8BqY1L8ZpoqbUpSF,don't touch my truck,dj quarantine,2020-04-24,51
6diE00TcIDO3Ky8wJD9h8r,they call me tiago (i dont know who's margo) [tiktok dance],remix kingz,2020-04-14,16
4mYkVhbtINt4e2BABJ4eUb,i've been lonely (tiktok dance),remix kingz,2020-04-14,18
4eaY2DZ7svnydWEXTYzkcc,baby come give me something new,remix kingz,2020-04-14,20
4BFvBO4ZEDcDtAKVRZ3O4m,don't stay awake for too long (tiktok dance),remix kingz,2020-04-14,38
0GAWYxHIkUuuFBrG3piLAR,just like like that come my way,remix kingz,2020-04-14,20
1quaXItKJpzWB6LiKT1cgs,she gon go,remix kingz,2020-04-14,22
41jdFWVieCzFjGuRU3pmmT,hot girl bummer (remix) [feat. remix kingz],dj quarantine,2020-04-09,0
5attzIxNH8pTO18O51ez6S,got that sunshine on my best sunday (tiktok challenge),remix kingz,2020-04-14,19
4RWkZ9uVaeZXWxg6qsR63C,say so (edm remix) [tiktok dance] [feat. remix kingz],dj quarantine,2020-04-09,0
5OxveXfvga2t0se21d96Ow,bored in the house,tyga,2020-03-28,60
6ltE4HbQrlPAKr0PlccKpf,stupid love (feat. remix kingz),dj quarantine,2020-04-09,0
5sCDwLfofw9RgoM6fMvd0l,someone you loved (remix) [feat. remix kingz],dj quarantine,2020-04-09,0
6gwUHx6VFEwb2IpmOYyIV3,when i lose control (tiktok dance challenge),remix kingz,2020-03-04,33
3QdaGZuXn4kKW5zWZnpEaV,someone you loved (remix),remix kingz,2020-03-13,46
2l9csUV7DeOP8qIgGnmJLY,hot girl bummer (remix),remix kingz,2020-03-13,35
6aw3mDepDAzdxHhPOHSMro,yummy (dance remix) [tiktok challenge],remix kingz,2020-03-10,16
6IJ2crbepASfmLdDWlVmVG,stupid love (edm remix) [tiktok challenge],remix kingz,2020-03-05,18
22FkTDCDFlS1gb5ReJYBXw,tasty carrots,shou,2020-01-11,0
5ywHlYzdQCHgHOHHZgMg67,more happy,the hollister jean lab,2020-07-16,38
5jkbw3FDS3bSSb4oLKYbjf,freak (feat. rei ami),sub urban,2020-03-13,75
1AiPILxL0rtQmLKxi6xxyt,"not the thermometer challenge (feat. dej rose gold, qwote & kingpin skinny pimp)",stunt n dozier,2020-08-12,20
27hqGhhIfSc921IrbJfT9e,seven nation army,ka!ro,2020-08-14,43
1E6VVToI1O0hpm8aHKfgfO,cry for you,cuebrick,2020-12-18,53
6djDjm3FGt1G3NUTfbrhu6,wonderful days,ummet ozcan,2020-12-18,64
0YHL0wDP6b7ov6h0yEhorO,rave love,w&w,2020-10-23,64
1jtRC9Uzq8oSqN8rVGR4eZ,"whenever, wherever",bimonte,2020-11-26,50
6f3Slt0GbA2bPZlz0aIFXN,the business,tiësto,2020-09-16,93
6l4aAgffkIQeIoGr5Ze52v,hypnotized,felix schorn,2020-12-04,56
2rUsJXt4NeeDiIU6sBvrxo,all we got (feat. kiddo) - ofenbach remix,robin schulz,2020-11-13,72
67ZJbNoYqvCTeEpVY90Goc,scream,neptunica,2020-11-06,56
6WsaEpK2Bky9ZGCCaQPyg4,mad world,timmy trumpet,2020-12-04,66
4tgM5HxiZpMFk722JuF0yM,life,dante klein,2020-10-30,48
6ft4hAq6yde8jPZY2i5zLr,paradise (feat. dermot kennedy),meduza,2020-10-30,89
4z7P3XXNrPz4zyCb7BYQkX,uber home alone,aarika,2020-09-05,43
20McUFi8KCIVdNDLrkTDuZ,goosebumps,hvme,2020-06-12,85
5WYB4aZkflwjAApBoDCYkz,astronomia - never go home,tony igy,2020-10-09,73
4crczEC1PpoD8TsDsmoWNI,goodbye,imanbek,2020-12-18,79
0iwMZVkQhTRKEAML5SJHuX,love,ryan shade,2020-10-16,18
1282qgDXqqQiA6n3u1h32q,game,lucky luke,2020-12-04,62
215fAfwkWtlj30ofd9y5Cq,satisfy,mike la funk,2020-08-21,14
5zwcf9kcaaw7Z0WG5HWwI2,higher space,harris & ford,2020-12-18,48
7CH8J4ulT49UfZwSDSkSZA,i miss u (with au/ra),jax jones,2020-10-09,76
6cx06DFPPHchuUAcTxznu9,head & heart (feat. mnek),joel corry,2020-07-03,89
51Of5p3lKZeOg6itfs4og4,lovefool,twocolors,2020-05-08,81
4Fr7R2a7trhN2iIPqmERk0,georgia,henri purnell,2020-11-20,44
50v2TSRV31bwpAPkjWejNL,really love (feat. craig david & digital farm animals),ksi,2020-10-23,70
7DWDaBN2DM2vSjDZIwZV1W,sick of you,jerome,2020-11-13,55
48xPlyqrp76RSwJirihTHo,sun is shining,bob marley & the wailers,2020-07-17,62
7feeLzB9KdKJ2ha3OvJ0SZ,running back to you,martin jensen,2020-10-09,68
4XhKZcrgtC3aEEPizY82Bm,take me for a ride,ryan shade,2020-11-20,17
1T4U8Q2DRfs6OUg8DEsRZf,bad,don diablo,2020-03-20,71
1GbGHDH6ejECJjSLbk1t8k,nikes (with moti),bodyworx,2020-10-23,42
66W1rVTnEv86dIkFhoiElg,secrets,regard,2020-04-24,79
3Dzso9Q2WwupEclqgxBZht,pumped up kicks,madism,2020-08-21,71
00ETaeHUQ6lops3oWU1Wrt,hot stuff,kygo,2020-09-18,73
6PNBtfjdA09cPwbSQocOCs,ballooning,ryan shade,2020-09-15,18
0BqdSWaAQOACk1MuTkehdR,how far can we go,klaas,2020-10-09,49
225MThXJyRa2la7JtJGB4Q,gimme dat (feat. s.e.n),hugel,2020-09-18,55
0wGgLYKG1t7Cl58lBVrAAl,save me,hollaphonic,2020-03-27,50
1r49ZYRTJYvrEbxEY2IeZt,everything i wanted,anthony keyrouz,2020-08-07,50
4F8wogXmIgCXEsi1FK0gH4,heart attack (feat. lau.ra),bronson,2020-08-07,65
1hkwIOH8I0kRRimBtfAhbt,let it go,josefine,2020-07-03,44
3PfIaebOIebV5RcxxTWDzy,dreamin',josefine,2020-11-20,51
2QNslj8z9eISTioTcibLFI,philosophical,sonia stein,2020-06-05,38
2DCsQSNab2lEn4SeMWmmKQ,nothing to lose,johnnie mikel,2020-06-05,30
1zebww6lYRkEWaux6pk0HQ,revolution,johnnie mikel,2020-08-07,28
08WAtGGVj8Ojuk2X0ogz1z,i like cars,caroline kole,2020-08-21,25
7Dm2AsJjTOKYhDzPwejBOi,pressure,beanz,2020-09-25,5
0o7epIwHWoc0Jdxu4MLFdY,sicario,handsome luke,2020-07-17,32
2NSBLomslu8qeoKgm4Euwu,if i die,city james,2020-08-07,27
2TKAtr9jXudupwA21eGpiH,so fly,kendra erika,2020-08-28,27
6FMXPrJcJndsrFDjLeL2uQ,love me,cafe disko,2020-09-01,27
4PV0uE5pZSh44E3NqNNDEH,selfish,madison beer,2020-02-14,73
364dI1bYnvamSnBJ8JcNzN,intentions,justin bieber,2020-02-07,78
0Snbzbd74RLfL0i4nn1vU5,favorito,camilo,2020-03-26,76
438wODjSTL2jgn1nePaNew,sugar (remix) [feat. dua lipa],brockhampton,2020-03-06,63
74fV8TuLZKVzSIOOGu8wwI,go stupid (feat. nle choppa & mike will made-it),polo g,2020-02-14,59
50ZC4PM7hywH27RcCfViau,elegí (feat. dímelo flow),rauw alejandro,2020-03-26,77
7j0He3HOaCTWLG7IRQr33p,psycho! (remix) (feat. trippie redd),masn,2020-04-14,4
21rpJOyDOZIocFRspZ8eT0,war,tedy,2020-03-20,22
64YAQSR4jfmtHeJudcQix2,"go dumb (feat. blackbear, the kid laroi and bankrol hayden)",y2k,2020-04-15,62
3xL0LJp3pwxltEYI119tMR,beat up guitar,darling brando,2020-03-13,31
6MqoM1lPPY6JRunGeZqm5f,italiana,kota banks,2020-03-13,14
7CftjFPCNYKLLAxDHp82vz,jóvenes no tan locos,funzo & baby loud,2020-03-19,56
1OvA1S5Z8Uji6xb4UQ0LXC,her akşam,sezzy,2020-03-13,15
6MO2bfLHKykUgCChFdw91H,"slide (remix) (feat. pop smoke, a boogie wit da hoodie & chris brown)",h.e.r.,2020-01-17,75
5hC7h0yWVMkxhLbNXCscBR,roxanne - remix,arizona zervas,2020-02-21,55
6Nth4LOPIqBNe7OKzXWeoK,savage,megan thee stallion,2020-03-05,50
4c65mUFCSzlLJv7ughOoVZ,captain hook,megan thee stallion,2020-03-05,39
1d2eMMrAuIsw85u3YklKoc,toosie slide,drake,2020-04-02,58
7s9n7XfmciHiupK42ZhiUr,suicidal (remix) [feat. juice wrld],ynw melly,2020-03-12,47
67mqtupEG49a5TmGgyO6Xc,blueberry faygo,lil mosey,2020-02-07,55
1DQ7O3w4a2ZsyiL2bMoW9G,go go go who's next,jyxo,2020-06-04,0
05ZCB3zzpyYBivfLwaTde4,go go go who's next?,hip hop harry,2020-06-17,41
60GLVWI1bPzm4VRW94jEbC,throw that smile this way,mr_hotspot,2020-04-17,38
2mbXtY2NbqCnrIzflWSA3I,mhm mhm,cdot honcho,2020-10-09,55
7C541N6QdrHpUIqYNJi9iW,out the frame,marv allen,2020-09-24,42
17w34M5Uam8PTahTUUY97q,nominate,stonebwoy,2020-04-24,43
1nYeVF5vIBxMxfPoL0SIWg,hallucinate,dua lipa,2020-03-27,74
2mqA62mpgyWruozL535ZXk,spaz,mr. 2-17,2020-02-14,22
5MyIR4vCwqxnB0biyFqcdw,l.o.v.(e).,ella eyre,2020-05-08,58
3peMq8tOLlvf5Qj39xm5JU,josslyn,olivia o'brien,2020-06-19,34
0lQ2obtzmAsJu9xk3D6FqH,friendships (lost my love),pascal letoublon,2020-11-13,64
27O75v8ZAn9QJHsDHpVgBo,push the feeling on,klaas,2020-08-28,52
1Q39L4T3XptJthNeazSK3I,bleeding love,vamero,2020-12-11,58
7d0DnTugSgbAiYtcEkZqWN,overdose,mike candys,2020-12-25,63
1KOAr3G8LaibCpHeaWtL2u,mr. brightside,don diablo,2020-08-21,58
5HCab6cbYS5oQo29wc2dLq,love me,rompasso,2020-12-31,51
64vgWvPf41BreVeNomZ3nv,party girl - vize remix,staysolidrocky,2020-07-31,64
5CZM6Ys7XyAkC7tUzDN7iA,forever,cakeman,2020-11-27,38
3fnzlErJJXvHBnAFypA6vk,all time low,jordan jay,2020-09-04,47
3tFz7n9OKBDMvrQmqE0oMR,pump it up,danko,2020-02-28,49
2eZa3hJ7ClZ2c9EUq4Ikwz,sexyback,dmnds,2020-07-10,70
0BDQlse1DeRbOnVPY3YA5z,paradise,vize,2020-08-21,70
6IofTLFq2t9oJHctts8nG4,diamonds,crystal rock,2020-08-07,48
2TNVsWfUidU192OSATyUTk,into the wild,2cre8,2020-10-23,27
6BgMJCkO0Oi4GNCyLu6OMC,dark,lunax,2020-09-11,28
5Y9V8yaAnr26JpU6eCPEUf,twentymylove,jannis block,2020-07-31,46
3fVXV3N4AKGyzhH4GVdcRf,running in my head,lizot,2020-08-28,0
3obAduhRTVHYojRBAINwSg,papa,younotus,2020-07-24,66
6BBD4ORMmIXeOND3kFQ1IB,take you dancing - r3hab remix,jason derulo,2020-08-20,59
6wM09fcNmH2Rys2BHE1cpY,smells like teen spirit,r3hab,2020-08-12,0
1rIIZijH9LIMqtdY5x9Ebe,brother louie,vize,2020-07-10,63
1yOVxsH0yux1Gqsjb78xq3,heart to heart,phil the beat,2020-06-26,59
2VwRXGDCd0Lr2RxwPc2vm3,psycho! - topic & b-case remix,masn,2020-07-03,57
5WSrKZAdS4mkPEBpZPCZR9,goosebumps,hvme,2020-06-12,4
1rBWHesRVsDO9PIVmcJqDE,touché,sickotoy,2020-10-23,46
1ovX8iCb3MUKPnXaKZG8bi,promise,alvido,2020-10-02,22
4cjG2FtuMDVyzuL8v09ZUK,high on you,digrasso,2020-09-25,18
0Yp6qgtcgdC7psitfq1viq,clause the mouse,tekla,2020-09-04,7
58wAbjQvxRsI7PFvjaLShn,train,fire jane,2020-05-08,26
4x5ymi4akay9Fq5Xm1PW3E,sad - imanbek xxx remix,rasster,2020-05-22,69
0Je3J2ml1lrnTLXXIlxrvR,never let me down,vize,2020-04-24,71
6cEGJwse9961d9g2BHiUDD,look into my eyes,brando,2020-01-10,44
21d8QAY4mcmtSvJsPV48iM,hey mama,r.i.o.,2020-07-03,45
5QnE8WFS4D8sn6nVKqHCq6,candlelight,lizot,2020-07-17,60
660BgHpKo1jhR9MMSFn7CF,valentino - imanbek remix,24kgoldn,2020-06-12,61
47wRVMx9CoTxB0tkQcaTW7,summer jam - alle farben remix,the underdog project,2020-07-10,53
5usaydQKInuUpnaWQVTGM0,imagine,steve aoki,2020-07-17,62
0rohJsT6NWsThpukt0Xxdc,higher ground (feat. john martin),martin garrix,2020-05-14,71
5Yz2hManF0nsjneS8HdvMx,cry for you,hyperclap,2020-07-24,55
5hCPwjLvGQKsgUbXyRMyLJ,mad love (feat. bymia),bodybangers,2020-06-19,45
6pxEV70P9czyDNRXXFNB29,sweet mistake,kaaze,2020-07-24,31
5KC7ginqShi7mhDQLttQh0,get in trouble (so what),dimitri vegas & like mike,2020-06-05,65
3p07oZZpSNdVtN93M5yIY5,zombie (zombic & felix schorn remix),besomorph,2020-05-15,66
0lh1gRLgsTiYAqN1EkQ43c,motivation,bassjackers,2020-07-10,39
3KFei4ncqdevg1vZaAZgIL,i need you to know,armin van buuren,2020-07-10,56
7hjomYGBKb51oPLtE6KwQV,on the way,giuseppe vittoria,2020-07-03,9
6cpzJP3YanK6sK0v5a5Wkk,fighter - tmw remix,klaas,2020-07-24,28
14ngWWxvUSnIMXgF6rzSk1,head shoulders knees & toes (feat. norma jean martine),ofenbach,2020-05-08,71
73ThEGwF5i9GrsXXGyZBRa,i'm just feelin' (du du du),imanbek,2020-05-01,72
4M61DpNzoLws32l7tvAbYL,push it right,moti,2020-06-19,60
0Y9qJSwdV2LvPnFmAbNIc8,far away from home (feat. leony),sam feldt,2020-06-12,72
5gFCFZnV0QTt1YfjY7dJBY,superstar,david puentez,2020-03-05,67
70xWA1SaU5hIFKuSN1id9L,enjoy the silence,pulsedriver,2020-07-10,30
0s8jWFUZln3bNX6mknOFKV,sweet dreams,klaas,2020-07-10,49
6l15fvZdCB1pvNgeuFk6Fw,lonely,gabry ponte,2020-06-05,57
5h1p0YgjEoJHyjvO9CcA5A,bassdrum,scooter,2020-06-05,58
5zn3TuX5oBHrEv8R9KyLir,ladida (my heart goes boom) [feat. ilira],crispie,2020-07-03,31
3RcfqwQOVq7bxNklR9910v,sauce,jean juan,2020-05-15,0
7dTuFYEeFUcqBUSE7ADdCU,afraid of you,alvido,2020-05-01,37
523v8nuwdcPBsgpluw2ukl,911,r3hab,2020-05-01,55
2SHKnOAz5CbUYhyxipfWr9,kids,alle farben,2020-05-15,62
58iNdQrpHUslBYt2OrjPIT,arms around me - jerome remix,starley,2020-05-29,45
4a23AqhYP3nDFROwaUFX7x,life,gattüso,2020-05-15,39
7EEJU3Qme2yzu8Q0OTtct6,happy together,dimitri vegas & like mike,2020-04-24,57
3DId7Am6sH65sIbj1bym8h,hold you,zombic,2020-06-05,40
3ptCwl1O4oCGl95y4WRFCU,inside my head (voices),don diablo,2020-05-01,46
7qbHTj7ApagHHtp7UYNVBG,now you're gone,galwaro,2020-05-22,46
3kIFi4GnaK665acHRwo72Q,close to me,alvido,2020-05-22,9
1MIevFmQMQCG4iltp0Z2Zs,tv show,tmw,2020-05-22,21
2B5ub9OB8rZj5PqvsAwrKo,unfamiliar,seeb,2020-05-01,64
4lWXfE65P23QQQ7jBtw5A9,heartbeat,maximo,2020-06-22,10
7FUaB8jZ1NOBF4HWFmXjH0,armageddon,timmy trumpet,2020-05-15,35
7L15DWjqkt7VB5Zrl4AU46,all on me,armin van buuren,2020-04-24,37
1n23FLzfFPMICCDJdtvmap,sleepwalker,eastblock bitches,2020-04-17,43
3vrm4dNThrhQ0BArrLIUOV,somebody's watching me,chico rose,2020-04-17,73
2JlIgHTECXRBQs9kb7KXKG,waiting,hbz,2020-02-07,57
7C1trmcQQ5n5RNy4l6ziCv,some say - felix jaehn remix,nea,2020-01-10,79
2U5fAT4kBBbrHAFp6UseoH,sing for me (with mary n'diaye),moti,2020-05-15,35
3INNLgKkHn8HOodDulCd7x,the bender (with brando),matoma,2020-04-24,63
0v8OKUrqZGoEbgEUXScRSQ,hear me tonight,alok,2020-04-24,71
2Xf6k7niuuyfY1aiHTe52d,take a chance,oliver heldens,2020-02-14,51
4ekDggjElGJX9kNSOtnbVf,infinity - dubdogz & bhaskar edit,dubdogz,2020-01-31,72
2A0CxheiQGQdCiKtOR7jMP,the passenger (lalala) [feat. mokaby],lum!x,2020-01-17,71
10C6ritatcqK85eS5GRhSI,ti amo (lizot remix),past present,2020-04-24,46
36PKNHt3kpZTzAXkvZjPzK,good old days,vion konger,2020-04-10,42
5Nz7bPlrxUA0NOqYHAaMm8,fight back,ummet ozcan,2020-03-06,60
4KPYXZUCKYLEEcGmKN4Exs,weekend,lizot,2020-03-27,73
2CaFENbuuAiVhSoQUiPdTq,dumb (feat. charlott boss),timmy trumpet,2020-02-07,63
36mobZS4xtqqPqdJheb4MH,temperature,shaky vibes,2020-02-03,58
1NpCi1RxYi8daCPWf68yql,you're not alone,bodybangers,2020-03-27,48
3ESQZBlvHj9CLZZQb5LRA3,no scrubs - jolyon petch edit,calvo,2020-04-10,43
7xxCKRR8IV1Qm7MeqqCrBv,run to you,sam bird,2020-02-14,45
4YXwvMkVmoNQR4UCn2VcEr,virus,eastblock bitches,2020-01-17,55
5RDViFyJMS0MBs5vfKk9d8,you & me,le shuuk,2020-04-03,60
1DFYhzwSzyIpValmYbYULm,say a little prayer (feat. gia koka),brooks,2020-03-13,37
5SV1LzjQQxm9od88K3kwio,the evil folk,kaaze,2020-02-21,53
5JWrmR8lO6yg32iCaTweJ3,take my hand,jerome,2020-02-21,66
0MzGlglhtPUWykfrJhfe4y,do it for you,w&w,2020-03-13,51
3YnOIhATp9QC9OxJb3pDfg,carry on,martin jensen,2020-02-28,47
4G5tyjccKnH2yGgh9TgPgy,over and out (feat. charlott boss),kshmr,2020-02-14,51
39ljcksGgPfh1TJiBbyxXf,kids,sondr,2020-03-06,50
1XFHbzTikXks9CsMq4v8Q3,not so bad (feat. emie),yves v,2020-01-03,70
5GTboKbndutgM0oJOMpzTC,peru,tungevaag,2020-02-14,47
2IaMy0anocqVCj9vMe8elL,outta my head,love harder,2020-02-21,59
56IpMDL6LYwart8vc1rh3I,get ready (feat. blake shelton & joe perry),pitbull,2020-02-21,45
4SlkCNvosh6H75Cx46Y4K0,falling,nicky romero,2020-02-21,51
1tHV6RsOZkrYk8v40AWaGf,beautiful girls,danny avila,2020-01-31,57
61ZM92T2zaXIVsqncThQzC,in your eyes (feat. alida),robin schulz,2020-01-10,74
1JyRjcUxnDd0TaR5Sd0V3c,lambada,hr. troels,2020-01-31,64
76Ikctqybw3OtHlnJZTfKf,tonight tonight,moti,2020-01-24,33
7hoQMAdSZNSewG9iTNuBvZ,life is a highway,ruan nagel,2020-05-30,62
1J14CdDAvBTE1AJYUOwl6C,arcade,duncan laurence,2020-11-12,82
3NxWJWftvkstyxvb1pZlFo,teeth,5 seconds of summer,2020-03-27,59
5WfACgyEk4rwdWU3rrzNt1,godspeed,james blake,2020-09-11,68
0j1Ia2lQWrcXrQZI4AdJlk,idk you yet,alexander 23,2020-06-23,81
7HWetAoWK9qkFM575HONAY,lonely (with benny blanco),justin bieber,2020-10-16,61
1ACG6XmYPXNjEAQKOgBiTm,sad,rasster,2020-08-28,46
7hxHWCCAIIxFLCzvDgnQHX,"lemonade (feat. gunna, don toliver & nav)",internet money,2020-08-28,83
3vAn0qZzdyuHamcrpkfiX3,how you like that,blackpink,2020-06-26,16
1qDLTUxg7xyylgtyNleurw,walk (feat. lil baby & 42 dugg),rylo rodriguez,2020-11-27,57
2qnIZKUoJxwZjUbMqW2KYz,ett steg fram,junie,2020-09-18,49
5Z0AM9HW78XIyZqF2BPasr,bitter,fletcher,2020-05-13,74
3eMsgWDRq5dKl5SBTYGv2J,higher,eminem,2020-12-18,73
0XtJdLv5FZN09C2mTixh6S,coke & mentos,salem ilese,2020-11-17,60
6jx9u0zwAmvfO7ftfAuFhI,pilfingerdansen - norsk versjon,apekatten,2020-11-13,40
3x4CfPHpJBZlyqiLq7PSxp,love you less,marcus & martinus,2020-10-02,44
7h5JV2j5wEwMP2hQE12Nk4,roses,finn askew,2020-07-31,63
3sKz6Sd72K0ofPWcJPPk6H,said sum,moneybagg yo,2020-09-18,72
1nM60x7ZOBAVVe3ipKxD8b,pilfingerdansen - remix,sigurd barrett,2020-04-28,47
6KfoDhO4XUWSbnyKjNp9c4,maniac,conan gray,2020-03-20,84
3atAfcT2gN7IxkLOHUOq43,crash flow (aint trippin),rae rae,2020-12-04,47
21gjMCBIqF5P3LVQ0gi740,vad söt du e,rasmus gozzi,2020-11-05,44
5Q4UX8hxcaJEtAE9RtsmSY,feel something different,bea miller,2020-10-22,60
6OEtf9kBSRNOVYAaFWl3Eg,she will be loved,jemme,2020-10-09,50
2ieu0FHqTpBUrMoCFVL3cb,potential breakup song,aly & aj,2020-12-29,70
4HBZA5flZLE435QTztThqH,stuck with u (with justin bieber),ariana grande,2020-05-08,85
24ySl2hOPGCDcxBxFIqWBu,rain on me (with ariana grande),lady gaga,2020-05-22,81
3hMgyGBkNb9Ah1rDzlELIK,dance dance dance,astrid s,2020-06-05,1
0zzVTGyRrWpQu8Fr28NRAv,ok not to be ok,marshmello,2020-09-10,79
4twPIcFhR0270afJADX60L,igjen og igjen (feat. tix),el papi,2020-08-07,59
1nL5zTJpnylVJcjAFyaRER,it’s only a heartbreak,dagny,2020-09-04,29
0yVJCA3Yj3eGubbXJBwZ7F,what if (i told you i like you),johnny orlando,2020-05-29,39
2b1yiFEFZYuvlBnClvNJHP,taco tuesday,migos,2020-05-05,61
0iXmvPiarrKooyaO3E7czl,araw araw love flow g,flow g,2020-02-28,47
5tdjElcAN1YEjY3ScjvN0Q,sabi ko na barbie,power beats club,2020-02-25,20
5J0obeHgIFKkPiGBPTOqLw,panalo (trap cariñosa),ez mil,2020-07-27,52
7bUvgvAf0tdQIty95lV5wf,dance with you,skusta clee,2020-11-19,71
1dcNEEtODRVZEevQ20Cgmy,nangangamba,zack tabudlo,2020-08-07,75
0yRXPoZx4gkGUYDqNwEGOM,marikit,juan caoile,2020-05-21,0
6xhFJYohao1sWHjoGl7VrZ,chinita,raf davis,2020-01-25,47
4Vm7Wy7U09ZWdjtQOudjO0,balang araw,inigo pascual,2020-06-05,35
5en0gvJmw9GeS9Xv4rnZ7U,heart react,allmo$t,2020-01-24,44
0SVRfMSijOzwBeM0OGq6Yc,kabet,soulstice,2020-07-10,32
6pEyy9fNKhTineSp9oByaJ,social media (damn),allmo$t,2020-03-28,37
3rxNuBoZ8GNLwTrtJMuY66,kahit ganyan ka,jr crown,2020-04-03,46
2wZTwfWU6sd91TY8zXxzgH,baka di tayo,yayoi,2020-06-23,52
3bYLZQYul37wREdPWyqa9r,panalangin,nik makino,2020-03-25,0
02Q2QvYL0wCBhugTxVMYTc,binibining dalaga,vinoh,2020-07-30,7
1uEW5guMnz7q1t6Fp69B1d,tahong ni carla (budots bombtek),power beats club,2020-09-01,31
3BNwUaRo3w1teVSkd69sL8,bounty,ex battalion,2020-02-10,52
0LlJbV4lyzJYE14YCwTURf,tampo,allmo$t,2020-05-23,39
5FPcHCTDsdfrU8SVeXoxyS,dito ka lang,cash koo,2020-05-19,29
0khTAbrJ2PkIs3z4Ne1w3O,chito,matthaios,2020-02-09,37
6WtBVDL02RRvWlvzF4sjE9,cutie uyyy,soulthrll,2020-02-09,59
1jRUUq9FroLzFGA583WE9u,dahil sayo,jom,2020-02-23,44
0jOsUoldr0TqjONy45TWis,you & i,ijiboy,2020-03-13,40
0Go1Yiv0iIjmckmoI6gqnG,"simpleng tao - from ""james and pat and dave",zephanie,2020-02-07,37
1HZETd9DQYd2mIoXAK97x2,goldigs (masaya na ko),henyong makata,2020-05-12,39
0TsvuQ4VYlaaZpVq4yOEEk,napagod na,yakusaaa,2020-01-26,29
3IxiZDn13d4jMLRgBBSLgH,halo halo,sb newgen,2020-08-28,15
6nIXSvAUG9QlwrUgllmXFJ,ikaw ra gang,dj rowel,2020-09-18,37
4lYh0Rtm45wdlwtjCPDgD6,na-akit,henyong makata,2020-05-23,46
0knRQzgvbUed6K74mX81hG,kabilang buhay,bandang lapis,2020-03-20,64
4Qs3DkTFVG1QiOwd0BUa9o,wag na lang,mc einstein,2020-09-04,64
0dXNdqwr95JqHfNV5r0yo5,pia,blymldt,2020-01-12,22
47UUjZbqZjcrzELnFBB1Ht,teka lang,emman,2020-03-25,64
1Xg76rrdXgjYcg8sHRjr3W,pinay na sobrang fine,kyle zagado,2020-01-07,50
6J2LdBN97cDWn0MLxYh9HB,july,noah cyrus,2020-05-15,83
4Aor9l4tiok1Llkbu0vREb,puhon,tj monterde,2020-05-14,55
3o2i5lJIHshmbL62vSzVMv,nararahuyo,matthaios,2020-10-07,53
0en1kxNAvVQxLpbteRTG7L,ulap,rob deniel,2020-09-13,68
35unzCfhT0U4gYcCgdf9DX,sigurado,zack tabudlo,2020-12-04,61
0HrqLtmX5NvouLFchhC5Z7,whisky cola x run 2 u - remix,eduardo luzquiños,2020-12-24,45
2afirRVDfxKW1gKFc5HqHM,mtg - vem sentando vem,dj nbeat,2020-11-09,18
0o5pvfYjkWStQbmnbYsTQw,aki tiban - live,early studios,2020-12-18,0
776wRRgsvVUMcCANLzp8eJ,copines (slowed + reverb),terelulopo,2020-12-18,7
7Ljz4NLnikdRPNMSFJ0f1f,whiskey / whisky cola - remix,eduardo luzquiños,2020-11-27,0
1XndvW32TH6TDI75nIyg4u,hai phút hơn,united idol,2020-11-30,17
5MzNoRzcRrXH6kDtwnEAJD,be around me,will joseph cook,2020-09-09,59
3w1W7YiVQpQ4mUJ12cjUfb,what if i told you that i love you - vanboii remix,ali gatie,2020-09-04,48
6Pgmqg15yVexuOgtzuxwoX,dancing in my room,347aidan,2020-10-26,82
6gtupKjgiJAbBLVTzNWXSl,lemon tree,dj desa,2020-11-10,45
7zFBaNPfok3rYUu2hmPGpN,someone you loved - lambada francesa,eduardo luzquiños,2020-08-17,46
78rDZXutxs6iTwi8AyqHvt,homies,spence,2020-09-14,32
4SgacK8EAeeP6tYklRIzJx,the chicken wing beat,ricky desktop,2020-06-13,67
5O0JIw4YvvTdKlN9l69JFQ,"the banjo beat, pt. 1",ricky desktop,2020-08-21,63
14CMKmze7Omy7KYy9JLbcY,lemon tree lofi hip hop,dj enjel,2020-08-20,0
2j3mrBb8bjVtsm9epikUdL,etham funky night,dj siul,2020-08-31,28
2duyHVCqcaX2FSwjzuZijF,love story,disco lines,2020-09-22,59
0t1kP63rueHleOhQkYSXFY,dynamite,bts,2020-08-28,81
3GyVuua5U2Lv1jtiNy33TO,shake that laffy taffy girl break your back drop it girl,soundofyou,2020-09-03,27
5RPZRGYRIL9AIe1kctqw7x,mi pan su su sum,ev0lution,2020-08-01,2
4G9kM0HjxKmHCqyTDpMUXN,such a whore (stellular version),jvla,2020-06-15,0
3efm8zbGiWX7Tzh7d5Mw2L,juon ruo jilu,gooney jib,2020-02-24,42
0XkmeG97T4mtYlWRJcrxec,party girl (remix),staysolidrocky,2020-07-10,64
2g2D7eN0NWO1tIDDNHCTgn,the bottle beat,ricky desktop,2020-06-02,34
5wp2luFqkrtNuL8PxAI4d8,bad liar,dj sephora,2020-02-16,33
2J6hyfM0x5imlV7lMHwpX2,all night,dj sephora,2020-01-31,39
06agGBuAaolKYrIwPyvSVU,the boat beat,ricky desktop,2020-05-12,55
0ZeGfEAL5Rl4pd5LZBGuEK,maria,hwa sa,2020-06-29,75
22LAwLoDA5b4AaGSkg6bKW,blueberry faygo,lil mosey,2020-02-06,80
3Dthw8JUverljHpIjjcwcg,ponteme despalda,nfasis,2020-02-21,46
7hY1S4SKti3cGz0rGYmT5A,omae wa mou - tiny little adiantum remix,deadman 死人,2020-02-21,1
2BkbsVbjIham1QMptphYhK,kimi no toriko,dj tiktok,2020-06-24,0
7ocZgFan45sEbCu0FeUjr1,omae wa mou!,wight kid,2020-01-12,1
526Ww8FQ0gKcFGqDyOvdSW,bagaikan langit di sore hari,dj tiktok,2020-01-29,0
2ONMgtKjA0ZPkS6auIH1R9,back to the beat,dj tiktok,2020-01-28,1
4umIPjkehX1r7uhmGvXiSV,intentions (feat. quavo),justin bieber,2020-02-14,79
7oQqbE69h5VEU25RZHIZ5p,you know i'll go get,dj haning,2020-02-09,0
7MVpETp4fJA8azun2TVLyj,the drip,kiiingsam,2020-01-31,49
67O8CWXxPsfz8orZVGMQwf,end of time,k-391,2020-03-06,72
1jMBWOeBIe5O5Hj4y5z1dZ,right on time - douth! remix,chris lawyer,2020-02-10,37
70sziq0FFqmTWwbzHFciVg,savesta (fli fla flo),jamayne,2020-01-26,30
25rk4fQl2sTESHcQaChLMr,why is everything chrome (lean swag rock wit it),king critical,2020-03-20,2
3bY8bPUE5tCpxZ7kjndOGI,i'm moving too fast,dj gotta,2020-03-04,24
1AHKoec6E7gHgQszQtFFKr,roll the dice (the dice beat) (feat. ricky desktop),kbfr,2020-08-28,36
0y9fkzOaaQy4Up22BGUbIp,backyard boy,claire rosinkranz,2020-06-08,11
4zGtfOglDBfVUypabBwIjQ,desce pro play (pa pa pa),mc zaac,2020-06-26,71
4CYYi9iZWFIMBowunUPq73,a pimp named slickback slowed - remix,eduardo luzquiños,2020-12-11,7
74PdooqFwI8VhklmayQ7dz,wrap me in plastic - slowed down version,chromance,2020-10-30,55
3729Jd1GxRyT8wRLbsWCtC,papi chulo slowed - remix,eduardo luzquiños,2020-11-24,10
4nEreP0jjuQpncGLHxk4fE,adderall slowed - remix,eduardo luzquiños,2020-11-24,6
5P22QiZlQVQKiKuHRFGCSg,obnimi - remix,eduardo luzquiños,2020-10-22,16
6SUdHP61zZblTAKYJFIXCR,billie jean x boo x f it up - remix,eduardo luzquiños,2020-12-31,7
7N3AWpme64LhM1P8I6yIZx,i like it slowed - remix,eduardo luzquiños,2020-12-18,49
0q7WQkXrqFjdNpsac39aaz,dancin' in mandela,highonclouds,2020-12-28,3
4SUk1ZTtA6OC120afxrpRZ,2 phút hơn - kaiz remix,pháo,2020-12-18,70
0UtXRyrstA3w34nBTHWpnq,di maalala (anong ginagawa mo sakin),rc,2020-05-29,19
0IAkpYTRomExXOUJonNMTR,expensive (feat. nicki minaj),ty dolla $ign,2020-08-28,25
051wt8AyLFgYnVuberd3vO,wap (feat. megan thee stallion),cardi b,2020-08-06,66
1RsD951uUUlJx0MRioZfev,cry about it later,katy perry,2020-08-28,59
3BPaRQUqKHn81uwTPIEQ9t,such a whore (baddest version),jvla,2020-06-24,0
4Bmk7JYOquhWmSMMW4WebM,nunu nana,jessi,2020-07-30,41
1bRjwdtScY2eMe9uMmsOkG,do it,chloe x halle,2020-05-14,61
4ecVWqbtW6phQGpZMAyqIU,not shy,itzy,2020-08-17,75
3kkfrqcCej5zj9A64YF8dK,checkmate,the boyz,2020-06-12,32
6u0pZe0Uv7GBR0iKptfWRf,dessert,hyo,2020-07-22,62
7xcAVSOiUW7DMKVN5PB6nr,"count 1, 2",too,2020-07-15,23
3omvXShuRPM3zbDpWYqf5g,more & more,twice,2020-06-01,72
1Gw2MVjOeA29OIwt4k7PZ4,what you waiting for,somi,2020-07-22,6
3eWmVWQDV9DhfmgqDLlFWu,lights go out,riotron,2020-09-04,36
5wC03VqWwgDZGGsiornXul,ways to say i'm beautiful,ellee ven,2020-11-11,32
4KppkflX7I3vJQk7urOJaS,skechers (feat. tyga) - remix,dripreport,2020-05-15,62
6pRlNmiZ15mI0D0Y9VBjDe,who's that what's that,niko b,2020-05-29,62
0wI0S42Cg41DVGqIIVimTM,blinding lights,revelries,2020-07-03,65
340mIDGqsUc0HqBa8CuYKi,halik,gloc 9,2020-01-17,52
2J4P46vCFm1rPkNkp9pZWX,ice cream (with selena gomez),blackpink,2020-08-28,73
5DV4ZSCqbFv74ui3ZhimXo,coño,jason derulo,2020-07-03,72
0cUpQfAEFkQpbfTReVHS4J,blow the speakers up,i don't speak french,2020-08-05,21
4fRLdKddgF9HlNqOqLAUWl,famous,octavian,2020-08-27,58
5H14xBAuFG3T8JhokaCjwo,lemon tree,dj desa,2020-09-30,0
74PG0V0b2yt1xZqTNkL2Tr,thug cry,lbs kee'vin,2020-04-24,44
4TgxFMOn5yoESW6zCidCXL,savage love (laxed – siren beat) [bts remix],jawsh 685,2020-10-02,79
2z8R3K0bp0URKH9eL8PszO,party legends,mobile legends: bang bang,2020-04-18,47
0igpddB3MzmrZkPmp5iU1I,wrap me in plastic - tobu remix,chromance,2020-03-27,46
6sXG7Iy6ZWoZL744QzIsl5,left foot up right foot slide,yung nazty,2020-04-28,43
58fsupQIoHCmxGf2dNTl1l,chain hang low (trap remix) [tiktok dance],dj quarantine,2020-06-19,42
7t8YCPj7svP6T1uUnMX2F4,up down right down tik,dankmemez,2020-08-13,35
3CsC4l3gWDE5bgtcU57v8F,pac-man,michael bars,2020-06-29,35
7MJs18mNFmx3kAteTWo6kg,living young wild and free,lil heavy chainz,2020-02-06,37
0bhDj0o96JkP35EeCqvJtu,i could dance like michael jackson,dem rap bolz,2020-04-28,2
416kFcOjpeI1AlkhcjAX9c,i love u baby,mati masildo,2020-08-16,33
2JsAC3Ceymj3NQ0ZgUskx9,kimi no toriko best loop,dj facemask,2020-08-23,54
6mxS5jbYc1lCZTvPdtEZ3X,circus,shalomteck,2020-02-27,43
1RPvV6Qb8YBHgF4yRaC0U1,having you near me,bugoy drilon,2020-11-06,54
00PYMeyU91Xt0j9UwmEpoX,bassthoven,kyle exum,2020-06-26,62
18Ow2wSCiaWmFvbIB6y7u7,the dance song,yung raja,2020-10-09,38
5u1n1kITHCxxp8twBcZxWy,holy (feat. chance the rapper),justin bieber,2020-09-18,84
33PqZiAyVTGfHDHpNW7IJ9,glow,sanjoy,2020-12-04,44
6UKFMChLwo4TSY1qXEAd5t,"oh no, oh no, oh no no no",qtpie,2020-11-13,2
2ePtv8MlBO9nuuXABqAfEX,sugarcrash!,elyotto,2020-08-25,85
3YaRY9vbpnggTArCdGVXnS,past lives,martin arteta,2020-09-21,62
3OBSe1TgT7aRVVIj2Lq9Jq,myself,luki,2020-02-21,9
29ZnkwiHHKL5wm95vZ2BId,bagaikan langit - remix version,putih abu-abu,2020-03-27,40
78htI5S1AnKuHLbLcEQUZX,malibu,the paper flowers,2020-03-20,12
5mMyuYMNDyOx9eRfKkEwyV,corona virus,lil nix,2020-02-02,0
1IWNylpZ477gIVUDpJL66u,sour candy (with blackpink),lady gaga,2020-05-29,70
470BH6wknYwwjRogz6qpUK,the spanish cha cha,b free tmt,2020-07-01,2
1ym6oTTnB6yK8qXN6Y0ln8,art to love me,lilianna wilde,2020-07-24,15
6BBcBnaEnxVYCojcVhGrMF,take out,freshduzit,2020-03-18,15
0jGIMIyoRaZPx9tuO69Kvb,rebel,zum,2020-09-11,64
6i6fnhgCv3zvpZAHtBDDvj,do dat (tik tok resume),semme,2020-07-08,49
2KIm09Qg1riVQAhAFeLCY6,summertime,rainych,2020-05-19,49
5n0RY0Rmjbi7X4JBzsnF81,sa mau koi ko mau dia,xb gang,2020-05-24,0
3PfIrDoz19wz7qK7tYeu62,don't start now,dua lipa,2020-03-27,84
3vvvVeh0CDDJObHWhwISE6,banana (feat. shaggy) - dj fle - minisiren remix,conkarah,2020-05-14,0
4TllvUXS5Nih8ZggtcJa4g,wip wup,vanfire,2020-05-24,21
1iZpjmN0zO7Ui83cLJVtkO,"i like you so much, you'll know it",willy anggawinata,2020-05-25,46
61TeDC9mJs9SD7TxKDwAWE,nice to nice to know you let's do it again,jenny jewel,2020-01-25,39
2wNL7JOVF4Ir2AxJZxWFs3,oh na na,karl wine,2020-04-04,42
7gj7UTufJDTQWuEPHHpvFr,love story remix (i love you) [tiktok dance],dj gotta,2020-10-02,60
1iEUhKgyGjOAl28NG0NdyC,walang iba pero di na ikaw,jencee,2020-05-24,35
75ukqM69MyoSNQl3RvgQx3,get busy,sean paul,2020-03-20,6
1NzRZ7AosK7ZDumMsZYofo,just friends,audrey mika,2020-05-08,62
7v96VvFLS0wSYT8kewNLRy,24 (feat. lil baby),money man,2020-08-14,75
2o9LAypwGH4ctV0i9boo6d,come around me,justin bieber,2020-02-14,68
7m3ro0wxkm9W4ILPRXfIzm,i'm crazy but you like that,ashley price,2020-10-01,55
52d63gGS5eH22Pv7EkfQ7F,hoopla x wap - tiktok mashup,eduardo luzquiños,2020-11-05,7
6Veb4V2EGtNYx98DiXFk3B,confident slowed - remix,eduardo luzquiños,2020-12-22,58
3e7LQvyW617yxNW6mm0XdA,drilla,mo2crazee,2020-03-19,56
3KcbXmpme14EXzArkwglT8,dj de yang gatal gatal sa - odading remix anjing banget,aldo bz,2020-12-21,41
7x8h0hzwmAIvUcrgUrwwdH,wet (she got that…),yfn lucci,2020-12-04,61
423NhOTzoqgeaIJbrUzSoo,on the way (feat. mila j),jhené aiko,2020-07-17,67
2k0e6dy1tx7fE6m126Ydfw,ice cream (with selena gomez),blackpink,2020-08-28,49
0JXJiVinO21PJUrunf6dAQ,don't rush - remix,eduardo luzquiños,2020-12-07,68
2FHccPrQK8vjP5bBFn4aSS,work 2.0 - tiktok remix,eduardo luzquiños,2020-10-22,41
2DdOns4tyNUbxDtTjbeOza,te quiero - tiktok remix,eduardo luzquiños,2020-10-26,54
1OZmb0Z2epCYNMJA7ncv1M,doja x calabria - tiktok mashup,eduardo luzquiños,2020-10-28,14
4FN7KdLzXljmd76SEbmpzE,fiesta (the dance song),karl wine,2020-12-23,38
3ialBz73C1Tj2VHONrCvyn,pruuum (tommy driker),ruskiebanana,2020-05-09,44
0qOiJeHrPNVry5UQhbnWkv,beautiful girls - tik tok remix,eduardo luzquiños,2020-09-13,44
6ZBlzRKbfOex0VcxuuMWJm,ella quiere hmm... haa... hmm - tik tok remix,eduardo luzquiños,2020-09-09,52
0oxTGP7q9TmPiwwsRtQoQe,se acabó la cuarentena - remix,eduardo luzquiños,2020-10-17,33
10VrCFu16lIduQpQrVgF2U,whisky cola,vanfire,2020-12-05,29
0vQHE2Ng0gzwAriLoCGIN1,ikan hiu makan tomat,maykel mantow,2020-10-30,35
6TQI7r4NnlbedCpICo2cAI,pokemon aki aki,dj yaksy,2020-11-27,38
4saklk6nie3yiGePpBwUoc,dynamite,bts,2020-11-20,91
2fDU6OzMHcXumNBJ2fIjtH,lemon tree,gustixa,2020-10-15,56
6zLTZHZBoNsU5rwGpQBzXs,dywb (drink your water bitch),mimiyuuuh,2020-10-10,41
7FUDzMiK3ZkGHZjcsuAHIA,kabet,gagong rapper,2020-09-07,23
1Hu42ZLWG9dHaVOPiWyEmE,beautiful scars,maximillian,2020-10-23,69
5o5lBGueqHIRkiWRgNc3gE,chicken wing,cameron sanderson,2020-09-19,34
0jqBSdYArE8Rq0Boy6Rvuf,bella poarch's chicken wings,ot beatz,2020-10-19,23
1NUw61RX4Wtmxw7CLiP4kP,paubaya,moira dela torre,2020-10-31,64
2ab4xGVMBb14NpPrj4xDq5,money mouf,tyga,2020-09-18,65
1Kv5BK09yyab9sRem6w2VY,when i ruled the world x let me see your hips swing,facemask time,2020-10-18,14
0agwJVZQN3gIdB4gKHBGeU,looking like that,sebastian rhodes,2020-06-10,24
4hLul1TOUOMLmfYS9r2sqf,filipina aye,je,2020-06-04,42
2aQJOc2QUTdQl1J2Z9VxYO,problemas,paris boy,2020-10-11,54
1PqZKNikSRknHiIsuw0wDn,i don't wanna be your friend,mark mendy,2020-10-16,62
7yhNPWeIkqj3qPr85Dbbev,thick (feat. megan thee stallion) - remix,dj chose,2020-10-29,51
4slSrbTK1sNK4I1mDYEthf,rover (feat. dtg),s1mba,2020-03-04,75
52vdpw9lzowBDSQo0UEW47,life's a coma,dnt rye,2020-05-01,39
466cKvZn1j45IpxDdYZqdA,toosie slide,drake,2020-05-01,74
3Z8FwOEN59mRMxDCtb8N0A,be kind (with halsey),marshmello,2020-05-01,82
7szuecWAPwGoV1e5vGu8tl,in your eyes,the weeknd,2020-03-20,84
5raTDhlbxFDnpn89bxArdH,that way,lil uzi vert,2020-03-01,69
1l3n3cIyHjEc7F78owErOa,kiss me,lucas estrada,2020-10-09,56
69xKGXTX6XQ0I78mc8vHqm,lost souls,ace poetik,2020-01-25,40
5dMXr2hmIWuYNpICt98xkP,quarantini,kyan palmer,2020-10-13,43
36nyeTemTTMMJckGiiN8rH,don't speak,chaël,2020-12-11,61
5nujrmhLynf4yMoMtj8AQF,levitating (feat. dababy),dua lipa,2020-03-27,91
5hkQxPaIaBLqy6zctKhn8U,promiscuous,nelly furtado,2020-02-07,47
0bhciG1J5Mn3aIfPjvHQIe,photo id,remi wolf,2020-06-24,70
2e9vY6wc4eJr7ko2O6Ey1j,lay low,drew,2020-10-01,0
25GFuvlDFB6zm3JtlblW59,make ya holla,stef,2020-10-09,33
0oHEteATZnAZuA9dl1dXF3,sensitive,serena isioma,2020-01-29,74
1NuQFIv9CXfGmG2qITzFJ1,lonely (marcus layton edit),lauwe,2020-11-27,54
24iuOjPY4hQSxn9W2bsdmF,big jet plane,braaten,2020-12-24,59
0YnHCIk1Ppy7FIzdvjspts,i don't wanna know,somma,2020-07-24,70
3zZwwTNa27TDKUSNj2uuMc,say my name,matvey emerson,2020-07-31,66
6jOUNVhixHXNdzTVwRSJjR,safety dance,carstn,2020-10-30,55
2D0dj3hVkRQJCp63cxCPEx,stunnin' (feat. harm franklin),curtis waters,2020-05-19,72
2k93T510m7yVqVRDFnKtnM,watermelon sugar,zita,2020-08-07,52
2MlOUXmcofMackX3bxfSwi,jerusalema (feat. nomcebo zikode),master kg,2020-01-24,80
5lNsNowjCKqgafSWE7Ie2Z,drip like me,kenndog,2020-03-01,65
4qmf9WdpSc8JpwG6qeh6OU,tic tac,future,2020-11-12,56
4VEEDnEFLI9dUy5QA51rom,fools (can't help falling in love) (feat. sody),foster,2020-11-13,74
5ruzrDWcT0vuJIOMW7gMnW,the adults are talking,the strokes,2020-04-10,80
6CDzDgIUqeDY5g8ujExx2f,heat waves,glass animals,2020-06-29,82
6vFsBXYczYsP0H3lgunZOm,cloud 9,beach bunny,2020-02-14,85
1TlWsPVXvH4tf9MdiG40Y5,broadway,trilly trills,2020-05-05,1
5fSZXFOZfPVW9gvnnG4ZVW,punk monk,playboi carti,2020-12-25,60
4VNZchycAjVwCqZfSWVEID,send me on my way,vibe street,2020-07-17,57
3x5VSETP4fRjK2MoZfyVlE,coming of age,blondes,2020-04-25,11
4y3BUo2hp0MxylfbUaqRyJ,stuck in the middle,tai verdes,2020-05-29,68
1c5CllrZr45UBhWpIqM332,funny thing,thundercat,2020-04-03,74
1nYzjrdVQ8RpF93M0jPFW7,remember that night?,sara kays,2020-11-06,81
053EDVshTHTBGMJFAfIwCW,i'm yours,lofi fruits music,2020-02-28,67
6Htqsoq5u7Z4a8hqWfMRXY,seven nation army,dmnds,2020-11-20,75
7lTXqBURoqMMzzYA6fFF6s,mood,koosen,2020-10-23,71
6VpFMzV1VGSaCekAdICGOy,better off alone,koosen,2020-09-25,70
5PHCSm8zblG7sgJOsItdpT,popstar,koosen,2020-08-21,69
5q2RrKxolPmERgX5u3Vv9Q,do i wanna know?,lofi fruits music,2020-07-31,69
6il0ymgrw7QPbqOC1TLqdB,just the two of us,avocuddle,2020-04-17,61
63GbPS9LjpQgldJFEInkQ1,ain't no sunshine,avocuddle,2020-06-05,66
3Q5gcEfnPdZu2dcJIppHqa,deep end,mr. pig,2020-12-18,63
0ITryF6orazSmjZ7HulP4i,fly me to the moon,avocuddle,2020-04-10,62
6wGJqxCSM2Ooo3171l1uch,i just died in your arms tonight,fallen roses,2020-10-30,65
3KaEY6zEGEtM0vJgYQpaoO,rude,koosen,2020-03-27,63
0e8fq9VuxCNti9IBlMFi6g,summertime sadness,strange fruits music,2020-07-03,64
6S6FVfLInBO3NcC1BsJPYv,drip like me,kenndog,2020-03-01,5
5zrvbvUB7T3d1mi69885VZ,bang!,ajr,2020-02-12,65
2HQPOVBAOU2EBTy1nBGRiW,stuck in the middle,tai verdes,2020-05-29,2
2NeyJbL3ROKCjRkAjs77ya,ashes,stellar,2020-05-03,4
6A25J9As7towpxovYryAWr,such a whore (stellular remix),jvla,2020-06-03,76
5LNi0DUiEQ4Sp6JA5XUSIA,after party - chopnotslop remix,don toliver,2020-04-17,56
7wgMOXGsXLtJk3GNe2XiIJ,sin city - slowed,slowmemer,2020-04-16,55
1GpbXhigzHuzqlIHELIcho,chanel - slowed,chvnge up,2020-07-22,51
0xPU0Sdkrva3RgRIPhK0zq,i met sarah in the bathroom {slow//reverb},ryan celsius sounds,2020-10-05,61
280XO3BtUQEcHudS6ijgPZ,lose control,kayy ell,2020-03-30,36
2TU4oyLyhnHmTT5hbKiK0T,best i ever had. - slowed,oxy_gin,2020-02-14,46
7doMWZzZxwVbwA0LDuoL5r,drug addict for love,a5h,2020-04-24,34
1BDDdwgjZhRFRFFyc9W1ly,u said u were always going to be with me,sinakun,2020-05-01,39
0BEZYQZqtJSkj2y9zYDxiQ,december ape,a5h,2020-04-24,32
1NDfAOwstnNM0nR1EbWVOn,call me back 80 times,a5h,2020-04-24,31
5rjGJXarVebA04eHJ8QwEK,blinding lights. - slowed,oxy_gin,2020-04-08,51
3avZR4DiOKdo0eGXc02FUb,selfish (slowed down),dj xavierj713,2020-03-14,50
3pYvs3jAA5APaB5cax7eXr,bad habits (slowed + reverb),solstice,2020-05-01,45
2gsKDJhdryzv6Vv3YkobaN,ppcocaine - slowed,mepemuro,2020-12-04,39
1RUZs8J5u9tgmVQ78Ok0Cd,softly / killing me softly with his song - tiktok remix,eduardo luzquiños,2020-10-12,60
0WMFDSACtwQKmQQCMatB3m,goodbye - remix,eduardo luzquiños,2020-10-08,52
4hgn8VbLCTXFGJnHFIMHas,dirty laundry (slowed),blackbear,2020-12-20,56
47EWMOElkkbMp5m9SBkx7d,idk you yet,alexander 23,2020-04-09,46
4xqrdfXkTW4T0RauPLv3WA,heather,conan gray,2020-03-20,87
2v8GT5HHcqFaTXS2xijw4r,changes,hayd,2020-11-13,70
1v6svH1Fyx9C1nIt1mA2DT,all i want,olivia rodrigo,2020-01-10,73
6hjh2phISvfR1Ib6S0FK7b,trying my best,anson seabra,2020-05-08,70
59HA1SBz1DPCCvdDeILV7E,exile (feat. bon iver),taylor swift,2020-07-24,52
21vPjrAwqTWvNm4HqODEIY,bitter (feat. trevor daniel),fletcher,2020-09-25,65
3gwoz4xZuye0agjYgrC2je,easy,troye sivan,2020-07-15,3
3HZuxQ80VWOsBWws8XQdFB,f2020,avenue beat,2020-07-10,1
2U5WueTLIK5WJLD7mvDODv,wishing well,juice wrld,2020-07-10,85
4l0Mvzj72xxOpRrp6h8nHi,lose you to love me,selena gomez,2020-01-10,82
4W8sUeokQKfHt1uTXp0Jq0,broken,lund,2020-04-17,76
6c7N5N7amAOpeMykjlovjI,walked through hell,anson seabra,2020-11-20,75
5eU0KDvZVfFl4ehleRwGGF,sick and tired,iann dior,2020-04-17,66
0UhKDHeZw2kHOz9HiRNFBH,josslyn,olivia o'brien,2020-02-07,15
4yJiXq86uM56uIfIZgE440,me & ur ghost,blackbear,2020-01-16,3
7xT1n5JKpB0bMPh6FL589e,poblado,crissin,2020-12-11,87
7K9Z3yFNNLv5kwTjQYGjnu,#brooklynbloodpop!,syko,2020-07-27,82
6EHrppRT1Uj4cyShAujxFu,l-gante rkt,papu dj,2020-10-06,62
7meQTf97i7gyAzeHTLIytv,mírame - remix,nio garcia,2020-07-24,63
5MvayhSJcEDMdbU9xcw4oe,the less i know the sexy back,phomeme,2020-02-05,20
6dyUkkcyYuDiHOwIRXYOJm,"3g (feat. jon z, don chezina, chencho corleone & myke towers) - remix",wisin,2020-01-24,81
7r9ZhitdQBONTFOiJW5mr8,reloj,rauw alejandro,2020-10-22,84
2etJ67Egf7woMgOikVrlJM,travesuras,flow la movie,2020-11-05,72
0fEZqh5xqx1ICPcdxe5jhO,el diablo,el fresh,2020-01-25,38
1xK1Gg9SxG8fy2Ya373oqb,bandido,myke towers,2020-12-10,91
5bQ9rtAfOUbPmuxjPK8zDp,perreo pesau',rauw alejandro,2020-11-13,75
2mM3gZ0BbPwPPMelbA8vgt,no te enamores - remix,milly,2020-11-20,85
78SeXVRJ7KCqVmOwTiFjnI,"nathy peluso: bzrp music sessions, vol. 36",bizarrap,2020-11-27,79
7vrJn5hDSXRmdXoR30KgF1,bichota,karol g,2020-10-23,85
1bra22ihn1UyVyilRRcpy2,candela,super yei,2020-04-20,68
3VvA1wSxukMLsvXoXtlwWx,hecha pa' mi,boza,2020-07-31,89
3Ky6wYVGlJlLbECAzjFNPE,imitadora (slowed + reverb),japanic,2020-09-21,6
3lCbsHaN1wCxyDzcNN2x4N,si me tomo una cerveza,migrantes,2020-11-07,78
6WY8NKL4SbbDyUF6tZgg8b,el aguacate es potasio (la sicopata),hey santana,2020-10-22,2
36IgfQCMhMmzuatBLh2BKL,el pepe,chumino,2020-10-20,42
35UUpTmrcFXNIVIN26ujXl,relación - remix,sech,2020-09-04,83
4RJz8NfIe09gpKMiRUWKhJ,parce (feat. justin quiles),maluma,2020-08-21,82
15OjBeqNX3bShsGYQbteRv,la tóxica,farruko,2020-07-24,81
1nxlRYbM2Ral4im0LExtZY,entre tú y yo,chema rivas,2020-02-13,16
3b1InIBwqNr5wV082Vp53o,anoche comi pescao,dj raulito,2020-10-13,44
03ntUWEBz1oVvHGGuk4ttv,vamonos,adso alejandro,2020-08-23,36
11EnQRgRMJwMAesfkB5pnu,se te nota (with guaynaa),lele pons,2020-09-02,80
73nAK3HgQK8dak83Y2WQ8F,vida de rico,camilo,2020-09-21,81
4Pzk85DqWoLqptyA5IlhLk,pegao / me miro y la mire (tiktok hit),omega,2020-05-20,67
7d9ybTfliQ5iOJB0i364OS,trap pea,el alfa,2020-08-20,63
1mohfLaTJtB2RplHLQVM70,la jeepeta - remix,nio garcia,2020-04-24,78
4xI3U4sDj1TPmO9Iz5TkYp,4k,el alfa,2020-03-12,72
6kYtziLBHJLNaHBpAmmT01,que me deje coja si no next,dj peligro,2020-09-02,3
0hwEhPxCBLKiqeBMZavGAv,flexin',lit killah,2020-06-11,69
70Ng4dN1FGxrSB6EFNbD0F,ay mi pendejo,la nevula23 productor,2020-03-08,50
5YOlr46EwaH34hfN6r4vXR,trap anthem,mc virgins,2020-02-25,73
6VOq2z5qEUPNFXEz1qACSl,jojo pose,apollo fresh,2020-01-13,0
0ROE31C8Wu4neZoR9stM9e,sasuke,lil uzi vert,2020-04-24,57
0UQk0mGscPeER19faRWpIM,departure,mol$,2020-09-18,48
0oqCLlrb80hYS7RhMPUOh7,oi oi oi bakugou,la memerano,2020-05-18,59
1gP60y3DUSuwZf8pUEpvH5,life hack,vaundy,2020-03-23,23
3R8DZfMOXCxkzDEYu7kpoi,goes like (do do do),eva grace,2020-08-14,18
3Eugjy9ObAlpPdS2gtOCe1,pop style - jack daily remix,jack daily,2020-04-01,65
7HneEBTvTra2CRYsxgMOAi,ハルジオン,yoasobi,2020-05-11,69
51i1OUSmicIa8vMcuU7HJT,cheating is a crime,たかやん,2020-04-25,65
6HibhGOvkFN74gWRTr6w2i,say so - japanese version,rainych,2020-03-31,66
3eoFORgglclGm5uwLomyuv,golden wind!,mol$,2020-09-18,56
7bCfHiRcfUjG0YVVNUL7Ve,e-girls are ruining my life!,corpse,2020-09-25,80
3jWNreHk8zyP5KUHyuoXf1,"my war (from ""attack on titan"")",miura jam,2020-12-30,63
6fTchuFwzQvuQzoKKWNBCr,真夜中のドア~stay with me~,ms.ooja,2020-08-26,45
5Ii1kY2dSOyMZpRGFa6NxO,mememe,bbno$,2020-10-09,62
7KVBqGLGhrEejVokzYd8vF,bunny girl,1nonly,2020-08-20,70
11ON6lkjYap6uocrKTu5CH,wack jumper,glockboyz teejaee,2020-12-11,51
7vKzzxdQevFwflwfaz0nun,1942,june3rd,2020-07-31,53
1RLrZnrr5nz64c7FrmSWfz,namorar não pode,rennan da penha,2020-12-18,66
29GfpfKba9AiYTwo30O494,tipo surfista,dj cleitinho,2020-10-07,57
2QLbRVzixE282JSQjBz2DG,liberdade (quando o grave bate forte),alok,2020-12-18,85
3bcJIkPhkmoiF31lcHZ96t,rebola lentinho,mc kaio,2020-12-01,71
2nLvQLvndoBu21Ljx8INL0,por cima tu ta de mais - mtg 2020,dj dola do triângulo,2020-10-30,63
7AjPEsSw5XH8Prczu0ADY6,camisa do flamengo,mc meno k,2020-12-29,36
4V0OqVsxQOtwSkzh4540xl,cai de vagarinho até embaixo,mc rennan,2020-10-14,39
696GCW6ySQQsyCClRzvkcv,"eu caçava as puta, agora as puta que me caça (feat. mc topre)",two maloka,2020-12-01,63
1vPPWYScwj96IaiMVybstM,mega do beco,dj p13,2020-12-26,49
1mQOFRDoqI34LdN79PE0vH,ô moça,mc zaquin,2020-12-21,80
6iWEhoALoBFnQMNVhYY0Sc,you're somebody else,flora cash,2020-03-06,69
7opTGnWVJcm1e5mWWOldpg,f2020,avenue beat,2020-08-14,64
1lXj8hmBq5ueDI7GzF41mz,molly [reverb] - slowed,tre savage,2020-03-18,8
7FjIYiD53wxlQmzTT6Wdpf,space girl,frances forever,2020-03-27,75
3AREjWC7vWQHlbW9RSKXkK,we no speak americano,yolanda be cool,2020-12-04,41
29TPjc8wxfz4XMn21O7VsZ,sky,playboi carti,2020-12-25,80
49V0fqoVlcv0rfosPBupbq,to build a home - slowed,seltememset,2020-10-14,59
6zEgnpM0qYmHLDnh8WPejL,amarillo,j balvin,2020-03-19,75
2ookP64dKe7byd4JgKm2Kb,travesuras,ru$$ov,2020-07-03,44
5cpJFiNwYyWwFLH0V6B3N8,del mar,ozuna,2020-09-04,81
1vJmO9ZWCkh01swCDdZKMp,idiote,gjesti,2020-01-22,41
0eeKDrQxjqNl5bX5VCHDcn,pam,justin quiles,2020-05-01,75
0JAZWvvqttGFm4UMDsPQXC,despeinada,ozuna,2020-09-04,78
3JHpk0DOTOzyh0777JFAky,diosa,myke towers,2020-01-24,77
0rIZ49wxDf8H2LXOKmAMW5,qué chimba,maluma,2020-03-13,67
4HYDUMY0xSpeBr0AMY9cUz,la curiosidad,jay wheeler,2020-06-12,83
5pXy29xzxR3aTB0SYRI590,blanco,j balvin,2020-03-19,65
2vI4SxtYqAQD5h1nSrqfKM,muchacha,gente de zona,2020-04-23,67
73OTmqCIE7YJCsFBGlgEkZ,volar (feat. susan diaz & victor cardenas),lele pons,2020-03-12,55
4qluwGB0E43AJFDcuQwKKV,si me dices que sí (feat. camilo) - r3hab remix,reik,2020-04-07,60
2lCkncy6bIB0LTMT7kvrD1,azul,j balvin,2020-03-19,79
2zJ2jLVDrl1tfMZkR89j4k,roses - imanbek remix [latino gang],saint jhn,2020-07-17,64
0EhpEsp4L0oRGM0vmeaN5e,un dia (one day) (feat. tainy),j balvin,2020-07-24,85
07zxQ17iKnQUkuvSe5R2L8,kamu adalah inspirasiku (remix),dj opus,2020-04-11,0
01TdkJ0lorIzBsdks8X1Tb,perlahan,guyon waton,2020-02-03,60
1GnwCGMkVbs3c1EycBBzNa,aku suka body bapak yanto,dj tiktok,2020-05-04,0
3ysZ8M08aeyqOhi4FYCbiJ,kiri kanan santuy,dj haning,2020-04-20,0
2jsPp3Yx8fdEJykA32uplT,kau tak pernah berfikir (remix),dj opus,2020-04-10,0
7bYSSUkbTwGgXHcETMe2TH,all night,febri hands,2020-04-11,0
5vESh0QkUlcbQrYaOr17Ki,biarlah semua berlalu remix,dj opus,2020-04-25,0
36tfctps1ex8N4hclokqFO,kau meninggalkanku tanpa perasaan,dj tiktok,2020-03-13,0
2skQuxgkWDMbZzQZ26h00u,dj hareudang hareudang,roji,2020-04-15,0
3gGP6h6FGBtcIT3SNqIpHl,torang pasukan damai batuda'a,dj haning,2020-07-10,0
2KSILJLx1ID8qDqc3KNDsI,love story,dj sephora,2020-07-03,32
52Kv0boNf7pg9z7UR5Ukwd,tiban tititi tiban,dj tiktok,2020-06-15,0
6iSr6eZgeQ6oDFMWe05H3E,are you with me,dj desa,2020-08-01,26
4uWrBuy9VxdwvWk2U4umaz,c'est la vie,dj desa,2020-07-31,0
6qaUOmXiKwWxtEcKUeYd7g,semua berlalu,dj sephora,2020-03-28,0
3jWqxtRGL9Woth4TMTj5d2,kimi no toriko,dj desa,2020-07-26,44
1o4wAP4w6n1j421ChvfZ4M,ku puja puja (remix),dj opus,2020-02-05,39
6WoXlXuyqyeGP3cxIDgkLh,sayang jang marah marah (remix),dj opus,2020-06-20,44
6ztecmd51ZO3rFaZ4SIDK7,tuhan su atur (remix),dj opus,2020-06-20,35
1BnCPdcc84ktaMpzaeG6j5,bukan cinta biasa,dj desa,2020-07-29,0
597cgrm1zshLnCn25hPlcZ,bukan pho - rawi beat remix,aldo bz,2020-10-04,49
7ysfvLYQFJbMHE0Su5tod0,kaka main salah,kapthenpurek,2020-01-20,25
1EdRW0MZxDULigPDFh0fY0,bukan pho yang gatal gatal,dj imut,2020-12-17,4
00iopF9xCuEX3XFxMUyO2M,m to the b,hiko,2020-09-03,43
14tNUeer5gUbUYvhYYTclS,reveal,the boyz,2020-02-10,61
4uqh9bualXNHXXwO2wPorc,daisies,katy perry,2020-05-15,71
4kIpBfvK44bxqX7zo8K1oP,시작,gaho,2020-02-01,67
1lNHWPDvKEbamKezpLq7HW,no song without you,honne,2020-07-03,64
